library_id,name,wt_affinity,mut_affinity,delta_affinity,wt_dist,mut_dist,delta_dist,ghost_clash_dist,ghost_clash,pose_center_shift,selection_reason,wt_output,mut_output,score_version,ghost_warning,ghost_penalty,mutation_composite_score,rank_mutation_aware
LIB100_0009,epinastine,-8.051,-8.287,-0.23600000000000065,3.127274633655804,2.343287691650376,-0.783986942005428,2.343287691650376,True,0.38944562028156,top20_wt;wt_threshold;prespecified_bms,/Users/vihaanagrawal/Documents/nipahv-rdrp-md/Stages/Stage 3/results/library_100_paired_pdbqt/LIB100_0009_wt.pdbqt,/Users/vihaanagrawal/Documents/nipahv-rdrp-md/Stages/Stage 3/results/library_100_paired_pdbqt/LIB100_0009_mut.pdbqt,mutation_composite_score_v1,severe,2.0,3.9568922087571616,1
LIB100_0002,bendroflumethiazide,-7.76,-7.441,0.31899999999999995,3.2848850720092,3.2652102045597786,-0.019674867449421374,3.2652102045597786,False,0.01804249810229503,top20_wt;prespecified_bms,/Users/vihaanagrawal/Documents/nipahv-rdrp-md/Stages/Stage 3/results/library_100_paired_pdbqt/LIB100_0002_wt.pdbqt,/Users/vihaanagrawal/Documents/nipahv-rdrp-md/Stages/Stage 3/results/library_100_paired_pdbqt/LIB100_0002_mut.pdbqt,mutation_composite_score_v1,none,0.0,3.7754896338953037,2
LIB100_0067,4E1RCat,-7.169,-6.975,0.19399999999999995,3.8030733457719004,3.8604217961094847,0.05734845033758429,3.8604217961094847,False,0.11273413587197208,top20_wt;prespecified_bms,/Users/vihaanagrawal/Documents/nipahv-rdrp-md/Stages/Stage 3/results/library_100_paired_pdbqt/LIB100_0067_wt.pdbqt,/Users/vihaanagrawal/Documents/nipahv-rdrp-md/Stages/Stage 3/results/library_100_paired_pdbqt/LIB100_0067_mut.pdbqt,mutation_composite_score_v1,none,0.0,3.632950866814077,3
LIB100_0054,siramesine,-7.923,-8.147,-0.2240000000000002,3.142635001471056,2.2529533664431436,-0.8896816350279124,2.2529533664431436,True,1.3713303497701594,top20_wt;prespecified_bms,/Users/vihaanagrawal/Documents/nipahv-rdrp-md/Stages/Stage 3/results/library_100_paired_pdbqt/LIB100_0054_wt.pdbqt,/Users/vihaanagrawal/Documents/nipahv-rdrp-md/Stages/Stage 3/results/library_100_paired_pdbqt/LIB100_0054_mut.pdbqt,mutation_composite_score_v1,severe,2.0,3.3306303803244806,4
LIB100_0037,eldecalcitol,-6.658,-6.614,0.04400000000000048,3.393022047025617,3.144899638635585,-0.24812240839003197,3.144899638635585,False,0.1059407777450249,top20_wt;prespecified_bms,/Users/vihaanagrawal/Documents/nipahv-rdrp-md/Stages/Stage 3/results/library_100_paired_pdbqt/LIB100_0037_wt.pdbqt,/Users/vihaanagrawal/Documents/nipahv-rdrp-md/Stages/Stage 3/results/library_100_paired_pdbqt/LIB100_0037_mut.pdbqt,mutation_composite_score_v1,moderate,0.5,3.2335125734884107,5
LIB100_0083,TCS-2002,-7.517,-7.768,-0.25099999999999945,2.676884407183882,2.1477020411702386,-0.5291823660136434,2.1477020411702386,True,1.2748571529457182,top20_wt;prespecified_bms,/Users/vihaanagrawal/Documents/nipahv-rdrp-md/Stages/Stage 3/results/library_100_paired_pdbqt/LIB100_0083_wt.pdbqt,/Users/vihaanagrawal/Documents/nipahv-rdrp-md/Stages/Stage 3/results/library_100_paired_pdbqt/LIB100_0083_mut.pdbqt,mutation_composite_score_v1,severe,2.0,2.955448274361493,6
LIB100_0069,BW-348U87,-6.203,-6.264,-0.06099999999999994,3.089244962488742,2.8811904814013265,-0.20805448108741542,2.8811904814013265,False,0.16505523967101132,prespecified_bms,/Users/vihaanagrawal/Documents/nipahv-rdrp-md/Stages/Stage 3/results/library_100_paired_pdbqt/LIB100_0069_wt.pdbqt,/Users/vihaanagrawal/Documents/nipahv-rdrp-md/Stages/Stage 3/results/library_100_paired_pdbqt/LIB100_0069_mut.pdbqt,mutation_composite_score_v1,moderate,0.5,2.869241795400345,7
LIB100_0036,diminazene-aceturate,-6.905,-6.657,0.24800000000000022,3.3068431488895427,3.2413009035936415,-0.06554224529590114,3.2413009035936415,False,0.12655986423310456,top20_wt;prespecified_bms,/Users/vihaanagrawal/Documents/nipahv-rdrp-md/Stages/Stage 3/results/library_100_paired_pdbqt/LIB100_0036_wt.pdbqt,/Users/vihaanagrawal/Documents/nipahv-rdrp-md/Stages/Stage 3/results/library_100_paired_pdbqt/LIB100_0036_mut.pdbqt,mutation_composite_score_v1,none,0.0,2.861793723608873,8
LIB100_0060,sanguinarium-chloride,-6.785,-6.765,0.020000000000000462,3.596613089166591,2.6247217147468467,-0.9718913744197444,2.6247217147468467,False,1.0277879664600047,top20_wt;prespecified_bms,/Users/vihaanagrawal/Documents/nipahv-rdrp-md/Stages/Stage 3/results/library_100_paired_pdbqt/LIB100_0060_wt.pdbqt,/Users/vihaanagrawal/Documents/nipahv-rdrp-md/Stages/Stage 3/results/library_100_paired_pdbqt/LIB100_0060_mut.pdbqt,mutation_composite_score_v1,moderate,0.5,2.8577879325375526,9
LIB100_0045,MBX-2982,-6.412,-6.514,-0.10200000000000031,3.49567740688248,5.0119608967983345,1.5162834899158546,5.0119608967983345,False,0.6085846180316725,prespecified_bms,/Users/vihaanagrawal/Documents/nipahv-rdrp-md/Stages/Stage 3/results/library_100_paired_pdbqt/LIB100_0045_wt.pdbqt,/Users/vihaanagrawal/Documents/nipahv-rdrp-md/Stages/Stage 3/results/library_100_paired_pdbqt/LIB100_0045_mut.pdbqt,mutation_composite_score_v1,none,0.0,2.8570983793860285,10
LIB100_0042,tucatinib,-6.772,-6.618,0.15399999999999991,3.178643618925078,3.0450565464975474,-0.13358707242753054,3.0450565464975474,False,0.09730508964557519,top20_wt;prespecified_bms,/Users/vihaanagrawal/Documents/nipahv-rdrp-md/Stages/Stage 3/results/library_100_paired_pdbqt/LIB100_0042_wt.pdbqt,/Users/vihaanagrawal/Documents/nipahv-rdrp-md/Stages/Stage 3/results/library_100_paired_pdbqt/LIB100_0042_mut.pdbqt,mutation_composite_score_v1,moderate,0.5,2.749867760858345,11
LIB100_0041,relugolix,-5.744,-5.733,0.01100000000000012,5.782216971942983,5.784074599677902,0.001857627734919376,5.784074599677902,False,0.0158830199068662,prespecified_bms,/Users/vihaanagrawal/Documents/nipahv-rdrp-md/Stages/Stage 3/results/library_100_paired_pdbqt/LIB100_0041_wt.pdbqt,/Users/vihaanagrawal/Documents/nipahv-rdrp-md/Stages/Stage 3/results/library_100_paired_pdbqt/LIB100_0041_mut.pdbqt,mutation_composite_score_v1,none,0.0,2.709074928394687,12
LIB100_0031,BMS-986205,-7.724,-7.454,0.27000000000000046,3.463781898244158,2.6062349505117703,-0.8575469477323878,2.6062349505117703,False,1.5488479507183228,top20_wt;prespecified_bms,/Users/vihaanagrawal/Documents/nipahv-rdrp-md/Stages/Stage 3/results/library_100_paired_pdbqt/LIB100_0031_wt.pdbqt,/Users/vihaanagrawal/Documents/nipahv-rdrp-md/Stages/Stage 3/results/library_100_paired_pdbqt/LIB100_0031_mut.pdbqt,mutation_composite_score_v1,moderate,0.5,2.5268430810184253,13
LIB100_0082,Ro-3306,-6.355,-6.254,0.10100000000000087,3.4788020849244217,3.045483709516756,-0.4333183754076657,3.045483709516756,False,0.29539399046026166,prespecified_bms,/Users/vihaanagrawal/Documents/nipahv-rdrp-md/Stages/Stage 3/results/library_100_paired_pdbqt/LIB100_0082_wt.pdbqt,/Users/vihaanagrawal/Documents/nipahv-rdrp-md/Stages/Stage 3/results/library_100_paired_pdbqt/LIB100_0082_mut.pdbqt,mutation_composite_score_v1,moderate,0.5,2.2227097508713447,14
LIB100_0076,JNJ-42041935,-5.626,-5.501,0.125,3.601574808856457,3.639173949765359,0.037599140908901596,3.639173949765359,False,0.07476358471878349,prespecified_bms,/Users/vihaanagrawal/Documents/nipahv-rdrp-md/Stages/Stage 3/results/library_100_paired_pdbqt/LIB100_0076_wt.pdbqt,/Users/vihaanagrawal/Documents/nipahv-rdrp-md/Stages/Stage 3/results/library_100_paired_pdbqt/LIB100_0076_mut.pdbqt,mutation_composite_score_v1,none,0.0,1.7364566030361193,15
LIB100_0034,baloxavir,-5.038,-5.037,0.001000000000000334,7.1230042347421465,7.122544371501249,-0.00045986324089763997,7.122544371501249,False,0.051729800356243485,prespecified_bms,/Users/vihaanagrawal/Documents/nipahv-rdrp-md/Stages/Stage 3/results/library_100_paired_pdbqt/LIB100_0034_wt.pdbqt,/Users/vihaanagrawal/Documents/nipahv-rdrp-md/Stages/Stage 3/results/library_100_paired_pdbqt/LIB100_0034_mut.pdbqt,mutation_composite_score_v1,none,0.0,1.6756245736244733,16
LIB100_0013,meclocycline-sulfosalicylate,-5.059,-5.055,0.004000000000000448,11.779368484633988,11.351000582952619,-0.4283679016813693,11.351000582952619,False,0.05295385373140073,prespecified_bms,/Users/vihaanagrawal/Documents/nipahv-rdrp-md/Stages/Stage 3/results/library_100_paired_pdbqt/LIB100_0013_wt.pdbqt,/Users/vihaanagrawal/Documents/nipahv-rdrp-md/Stages/Stage 3/results/library_100_paired_pdbqt/LIB100_0013_mut.pdbqt,mutation_composite_score_v1,none,0.0,1.4583618395673394,17
LIB100_0011,halobetasol-propionate,-4.809,-4.818,-0.008999999999999453,6.546584616436758,6.542420285932674,-0.004164330504083935,6.542420285932674,False,0.01984660029455748,prespecified_bms,/Users/vihaanagrawal/Documents/nipahv-rdrp-md/Stages/Stage 3/results/library_100_paired_pdbqt/LIB100_0011_wt.pdbqt,/Users/vihaanagrawal/Documents/nipahv-rdrp-md/Stages/Stage 3/results/library_100_paired_pdbqt/LIB100_0011_mut.pdbqt,mutation_composite_score_v1,none,0.0,1.34645699770658,18
LIB100_0078,MCC950,-6.608,-7.803,-1.1950000000000003,2.706357201214717,1.039730232385439,-1.666626968829278,1.039730232385439,True,2.296409858969998,top20_wt;prespecified_bms,/Users/vihaanagrawal/Documents/nipahv-rdrp-md/Stages/Stage 3/results/library_100_paired_pdbqt/LIB100_0078_wt.pdbqt,/Users/vihaanagrawal/Documents/nipahv-rdrp-md/Stages/Stage 3/results/library_100_paired_pdbqt/LIB100_0078_mut.pdbqt,mutation_composite_score_v1,severe,2.0,1.2959062062505042,19
LIB100_0018,perfluorodecalin,-7.077,-6.626,0.4509999999999996,3.032297861696832,2.9285269555987243,-0.10377090609810757,2.9285269555987243,False,0.10814328764777548,top20_wt;prespecified_bms,/Users/vihaanagrawal/Documents/nipahv-rdrp-md/Stages/Stage 3/results/library_100_paired_pdbqt/LIB100_0018_wt.pdbqt,/Users/vihaanagrawal/Documents/nipahv-rdrp-md/Stages/Stage 3/results/library_100_paired_pdbqt/LIB100_0018_mut.pdbqt,mutation_composite_score_v1,moderate,0.5,1.2772796831887887,20
LIB100_0043,ADX-10059,-6.701,-7.766,-1.0650000000000004,3.538594959980743,1.4045107721419723,-2.134084187838771,1.4045107721419723,True,1.7885013908297787,top20_wt;prespecified_bms,/Users/vihaanagrawal/Documents/nipahv-rdrp-md/Stages/Stage 3/results/library_100_paired_pdbqt/LIB100_0043_wt.pdbqt,/Users/vihaanagrawal/Documents/nipahv-rdrp-md/Stages/Stage 3/results/library_100_paired_pdbqt/LIB100_0043_mut.pdbqt,mutation_composite_score_v1,severe,2.0,1.2762246336665712,21
LIB100_0070,D609,-5.019,-4.982,0.03699999999999992,5.587333877238983,5.426429994628324,-0.16090388261065858,5.426429994628324,False,0.28887020537872976,prespecified_bms,/Users/vihaanagrawal/Documents/nipahv-rdrp-md/Stages/Stage 3/results/library_100_paired_pdbqt/LIB100_0070_wt.pdbqt,/Users/vihaanagrawal/Documents/nipahv-rdrp-md/Stages/Stage 3/results/library_100_paired_pdbqt/LIB100_0070_mut.pdbqt,mutation_composite_score_v1,none,0.0,1.2357638500370802,22
LIB100_0099,usniacin-(+),-5.533,-5.349,0.18400000000000016,3.8655386669674736,3.929175588430359,0.06363692146288535,3.929175588430359,False,0.0973997915180273,prespecified_bms,/Users/vihaanagrawal/Documents/nipahv-rdrp-md/Stages/Stage 3/results/library_100_paired_pdbqt/LIB100_0099_wt.pdbqt,/Users/vihaanagrawal/Documents/nipahv-rdrp-md/Stages/Stage 3/results/library_100_paired_pdbqt/LIB100_0099_mut.pdbqt,mutation_composite_score_v1,none,0.0,1.1827930322482452,23
LIB100_0027,terbinafine,-6.757,-7.373,-0.6160000000000005,3.6184262611598945,1.493914875112479,-2.1245113860474154,1.493914875112479,True,1.576202658368477,top20_wt;prespecified_bms,/Users/vihaanagrawal/Documents/nipahv-rdrp-md/Stages/Stage 3/results/library_100_paired_pdbqt/LIB100_0027_wt.pdbqt,/Users/vihaanagrawal/Documents/nipahv-rdrp-md/Stages/Stage 3/results/library_100_paired_pdbqt/LIB100_0027_mut.pdbqt,mutation_composite_score_v1,severe,2.0,1.1001189316918096,24
LIB100_0015,obidoxime,-5.746,-5.499,0.24700000000000077,3.7726629681008252,3.6806327389344875,-0.09203022916633774,3.6806327389344875,False,0.08431997523162842,prespecified_bms,/Users/vihaanagrawal/Documents/nipahv-rdrp-md/Stages/Stage 3/results/library_100_paired_pdbqt/LIB100_0015_wt.pdbqt,/Users/vihaanagrawal/Documents/nipahv-rdrp-md/Stages/Stage 3/results/library_100_paired_pdbqt/LIB100_0015_mut.pdbqt,mutation_composite_score_v1,none,0.0,1.0857836704542532,25
LIB100_0032,MF-101,-7.216,-6.851,0.3650000000000002,3.6123900420563184,3.3718505932388774,-0.24053944881744105,3.3718505932388774,False,3.965584427051419,top20_wt;prespecified_bms,/Users/vihaanagrawal/Documents/nipahv-rdrp-md/Stages/Stage 3/results/library_100_paired_pdbqt/LIB100_0032_wt.pdbqt,/Users/vihaanagrawal/Documents/nipahv-rdrp-md/Stages/Stage 3/results/library_100_paired_pdbqt/LIB100_0032_mut.pdbqt,mutation_composite_score_v1,none,0.0,1.0563699848164891,26
LIB100_0052,oleuropein,-4.982,-5.398,-0.4159999999999995,3.196515796700362,2.5421002586214243,-0.6544155380789376,2.5421002586214243,False,0.36986829029996754,prespecified_bms,/Users/vihaanagrawal/Documents/nipahv-rdrp-md/Stages/Stage 3/results/library_100_paired_pdbqt/LIB100_0052_wt.pdbqt,/Users/vihaanagrawal/Documents/nipahv-rdrp-md/Stages/Stage 3/results/library_100_paired_pdbqt/LIB100_0052_mut.pdbqt,mutation_composite_score_v1,moderate,0.5,0.9482698175957902,27
LIB100_0088,bilobalide,-6.101,-5.74,0.36099999999999977,3.244010567611291,3.240747496182622,-0.0032630714286692175,3.240747496182622,False,0.086246910669302,prespecified_bms,/Users/vihaanagrawal/Documents/nipahv-rdrp-md/Stages/Stage 3/results/library_100_paired_pdbqt/LIB100_0088_wt.pdbqt,/Users/vihaanagrawal/Documents/nipahv-rdrp-md/Stages/Stage 3/results/library_100_paired_pdbqt/LIB100_0088_mut.pdbqt,mutation_composite_score_v1,none,0.0,0.9290645037430515,28
LIB100_0059,ammonium-perfluorocaprylate,-6.283,-6.032,0.25100000000000033,2.7745394393692777,3.3735020061399097,0.598962566770632,3.3735020061399097,False,2.248204387055643,prespecified_bms,/Users/vihaanagrawal/Documents/nipahv-rdrp-md/Stages/Stage 3/results/library_100_paired_pdbqt/LIB100_0059_wt.pdbqt,/Users/vihaanagrawal/Documents/nipahv-rdrp-md/Stages/Stage 3/results/library_100_paired_pdbqt/LIB100_0059_mut.pdbqt,mutation_composite_score_v1,none,0.0,0.8135962406391827,29
LIB100_0081,NSP-805,-7.002,-6.799,0.2029999999999994,2.3148480055078884,1.4883522271560625,-0.8264957783518259,1.4883522271560625,True,0.39032877424033735,top20_wt;prespecified_bms,/Users/vihaanagrawal/Documents/nipahv-rdrp-md/Stages/Stage 3/results/library_100_paired_pdbqt/LIB100_0081_wt.pdbqt,/Users/vihaanagrawal/Documents/nipahv-rdrp-md/Stages/Stage 3/results/library_100_paired_pdbqt/LIB100_0081_mut.pdbqt,mutation_composite_score_v1,severe,2.0,0.8016291577300816,30
LIB100_0065,"4,4'-DDT",-6.096,-6.925,-0.8289999999999997,2.5928795722801956,1.0155110480840621,-1.5773685241961335,1.0155110480840621,True,1.0418258344137532,prespecified_bms,/Users/vihaanagrawal/Documents/nipahv-rdrp-md/Stages/Stage 3/results/library_100_paired_pdbqt/LIB100_0065_wt.pdbqt,/Users/vihaanagrawal/Documents/nipahv-rdrp-md/Stages/Stage 3/results/library_100_paired_pdbqt/LIB100_0065_mut.pdbqt,mutation_composite_score_v1,severe,2.0,0.737845626037712,31
LIB100_0003,biapenem,-5.593,-5.321,0.27200000000000024,3.8693569982760305,3.9728169759805128,0.10345997770448223,3.9728169759805128,False,0.11378722487334202,prespecified_bms,/Users/vihaanagrawal/Documents/nipahv-rdrp-md/Stages/Stage 3/results/library_100_paired_pdbqt/LIB100_0003_wt.pdbqt,/Users/vihaanagrawal/Documents/nipahv-rdrp-md/Stages/Stage 3/results/library_100_paired_pdbqt/LIB100_0003_mut.pdbqt,mutation_composite_score_v1,none,0.0,0.6687620139982193,32
LIB100_0048,delphinidin,-6.148,-6.324,-0.17600000000000016,1.9140476283938404,1.419559097677287,-0.4944885307165534,1.419559097677287,True,2.1910434917883848,prespecified_bms,/Users/vihaanagrawal/Documents/nipahv-rdrp-md/Stages/Stage 3/results/library_100_paired_pdbqt/LIB100_0048_wt.pdbqt,/Users/vihaanagrawal/Documents/nipahv-rdrp-md/Stages/Stage 3/results/library_100_paired_pdbqt/LIB100_0048_mut.pdbqt,mutation_composite_score_v1,severe,2.0,0.4699705982531528,33
LIB100_0068,AG-1024,-5.852,-6.861,-1.0089999999999995,3.3042397414690043,1.306494868575018,-1.9977448728939864,1.306494868575018,True,0.9530955921397233,prespecified_bms,/Users/vihaanagrawal/Documents/nipahv-rdrp-md/Stages/Stage 3/results/library_100_paired_pdbqt/LIB100_0068_wt.pdbqt,/Users/vihaanagrawal/Documents/nipahv-rdrp-md/Stages/Stage 3/results/library_100_paired_pdbqt/LIB100_0068_mut.pdbqt,mutation_composite_score_v1,severe,2.0,0.308441931983908,34
LIB100_0047,YM-511,-6.865,-6.811,0.05400000000000027,3.415380680345906,0.5615060508985213,-2.8538746294473847,0.5615060508985213,True,1.2517905200944273,top20_wt;prespecified_bms,/Users/vihaanagrawal/Documents/nipahv-rdrp-md/Stages/Stage 3/results/library_100_paired_pdbqt/LIB100_0047_wt.pdbqt,/Users/vihaanagrawal/Documents/nipahv-rdrp-md/Stages/Stage 3/results/library_100_paired_pdbqt/LIB100_0047_mut.pdbqt,mutation_composite_score_v1,severe,2.0,0.16543709825062258,35
LIB100_0100,PLX8394,-7.218,-7.305,-0.08699999999999974,5.437841632589485,1.628165409776341,-3.8096762228131444,1.628165409776341,True,2.5846519052378945,top20_wt;prespecified_bms,/Users/vihaanagrawal/Documents/nipahv-rdrp-md/Stages/Stage 3/results/library_100_paired_pdbqt/LIB100_0100_wt.pdbqt,/Users/vihaanagrawal/Documents/nipahv-rdrp-md/Stages/Stage 3/results/library_100_paired_pdbqt/LIB100_0100_mut.pdbqt,mutation_composite_score_v1,severe,2.0,0.1255301374735347,36
LIB100_0033,SQ-109,-6.55,-6.832,-0.28200000000000003,3.936467197706195,1.0071548592098536,-2.9293123384963415,1.0071548592098536,True,1.6982331285415246,prespecified_bms,/Users/vihaanagrawal/Documents/nipahv-rdrp-md/Stages/Stage 3/results/library_100_paired_pdbqt/LIB100_0033_wt.pdbqt,/Users/vihaanagrawal/Documents/nipahv-rdrp-md/Stages/Stage 3/results/library_100_paired_pdbqt/LIB100_0033_mut.pdbqt,mutation_composite_score_v1,severe,2.0,0.0475132019312956,37
LIB100_0020,pralatrexate,-6.415,-6.543,-0.1280000000000001,2.8601341091109607,1.5798049237793867,-1.280329185331574,1.5798049237793867,True,3.2651405917509337,prespecified_bms,/Users/vihaanagrawal/Documents/nipahv-rdrp-md/Stages/Stage 3/results/library_100_paired_pdbqt/LIB100_0020_wt.pdbqt,/Users/vihaanagrawal/Documents/nipahv-rdrp-md/Stages/Stage 3/results/library_100_paired_pdbqt/LIB100_0020_mut.pdbqt,mutation_composite_score_v1,severe,2.0,0.025241128864933238,38
LIB100_0038,ganetespib,-6.166,-6.839,-0.673,2.269281434138242,0.7421455662695473,-1.5271358678686948,0.7421455662695473,True,3.1089071191587063,prespecified_bms,/Users/vihaanagrawal/Documents/nipahv-rdrp-md/Stages/Stage 3/results/library_100_paired_pdbqt/LIB100_0038_wt.pdbqt,/Users/vihaanagrawal/Documents/nipahv-rdrp-md/Stages/Stage 3/results/library_100_paired_pdbqt/LIB100_0038_mut.pdbqt,mutation_composite_score_v1,severe,2.0,-0.012567668825447242,39
LIB100_0066,"4,5,6,7-tetrabromobenzotriazole",-5.02,-4.765,0.2549999999999999,3.6238841680115006,3.6042043436061073,-0.019679824405393287,3.6042043436061073,False,0.016441299417332488,prespecified_bms,/Users/vihaanagrawal/Documents/nipahv-rdrp-md/Stages/Stage 3/results/library_100_paired_pdbqt/LIB100_0066_wt.pdbqt,/Users/vihaanagrawal/Documents/nipahv-rdrp-md/Stages/Stage 3/results/library_100_paired_pdbqt/LIB100_0066_mut.pdbqt,mutation_composite_score_v1,none,0.0,-0.020460518212847334,40
LIB100_0085,aloperine,-5.947,-5.55,0.39700000000000024,3.0948494744987363,2.982795537091685,-0.11205393740705105,2.982795537091685,False,0.11238151510940797,prespecified_bms,/Users/vihaanagrawal/Documents/nipahv-rdrp-md/Stages/Stage 3/results/library_100_paired_pdbqt/LIB100_0085_wt.pdbqt,/Users/vihaanagrawal/Documents/nipahv-rdrp-md/Stages/Stage 3/results/library_100_paired_pdbqt/LIB100_0085_mut.pdbqt,mutation_composite_score_v1,moderate,0.5,-0.11282934578827508,41
LIB100_0091,indirubin-3-monoxime,-6.529,-6.419,0.11000000000000032,2.957735953476676,2.211498812753232,-0.7462371407234438,2.211498812753232,True,2.6821911757874735,prespecified_bms,/Users/vihaanagrawal/Documents/nipahv-rdrp-md/Stages/Stage 3/results/library_100_paired_pdbqt/LIB100_0091_wt.pdbqt,/Users/vihaanagrawal/Documents/nipahv-rdrp-md/Stages/Stage 3/results/library_100_paired_pdbqt/LIB100_0091_mut.pdbqt,mutation_composite_score_v1,severe,2.0,-0.11960636244867029,42
LIB100_0072,GNTI,-5.674,-5.715,-0.04099999999999948,2.64980586350915,2.357684508367562,-0.292121355141588,2.357684508367562,True,2.043194546728817,prespecified_bms,/Users/vihaanagrawal/Documents/nipahv-rdrp-md/Stages/Stage 3/results/library_100_paired_pdbqt/LIB100_0072_wt.pdbqt,/Users/vihaanagrawal/Documents/nipahv-rdrp-md/Stages/Stage 3/results/library_100_paired_pdbqt/LIB100_0072_mut.pdbqt,mutation_composite_score_v1,severe,2.0,-0.20047966889408242,43
LIB100_0016,omega-3-acid-esters,-6.049,-5.975,0.07400000000000073,3.4373369124352777,2.4058011398071097,-1.031535772628168,2.4058011398071097,True,1.1794965476434667,prespecified_bms,/Users/vihaanagrawal/Documents/nipahv-rdrp-md/Stages/Stage 3/results/library_100_paired_pdbqt/LIB100_0016_wt.pdbqt,/Users/vihaanagrawal/Documents/nipahv-rdrp-md/Stages/Stage 3/results/library_100_paired_pdbqt/LIB100_0016_mut.pdbqt,mutation_composite_score_v1,severe,2.0,-0.2185096320379063,44
LIB100_0094,metaphit,-6.012,-6.466,-0.4540000000000006,3.4374894445193585,0.7291159619478517,-2.7083734825715067,0.7291159619478517,True,1.1376011818645282,prespecified_bms,/Users/vihaanagrawal/Documents/nipahv-rdrp-md/Stages/Stage 3/results/library_100_paired_pdbqt/LIB100_0094_wt.pdbqt,/Users/vihaanagrawal/Documents/nipahv-rdrp-md/Stages/Stage 3/results/library_100_paired_pdbqt/LIB100_0094_mut.pdbqt,mutation_composite_score_v1,severe,2.0,-0.32218260580922387,45
LIB100_0077,LY255283,-7.072,-6.645,0.4270000000000005,3.0871494967705235,2.465868303115725,-0.6212811936547986,2.465868303115725,True,0.33768650175776066,top20_wt;prespecified_bms,/Users/vihaanagrawal/Documents/nipahv-rdrp-md/Stages/Stage 3/results/library_100_paired_pdbqt/LIB100_0077_wt.pdbqt,/Users/vihaanagrawal/Documents/nipahv-rdrp-md/Stages/Stage 3/results/library_100_paired_pdbqt/LIB100_0077_mut.pdbqt,mutation_composite_score_v1,severe,2.0,-0.43488364202786967,46
LIB100_0024,sulfachlorpyridazine,-6.125,-5.796,0.32899999999999974,2.760738514826502,4.690532028041629,1.929793513215127,4.690532028041629,False,1.771655901311822,prespecified_bms,/Users/vihaanagrawal/Documents/nipahv-rdrp-md/Stages/Stage 3/results/library_100_paired_pdbqt/LIB100_0024_wt.pdbqt,/Users/vihaanagrawal/Documents/nipahv-rdrp-md/Stages/Stage 3/results/library_100_paired_pdbqt/LIB100_0024_mut.pdbqt,mutation_composite_score_v1,none,0.0,-0.47989855479410654,47
LIB100_0010,gemigliptin,-6.519,-6.785,-0.266,3.2179492717354066,0.8718233610829808,-2.3461259106524257,0.8718233610829808,True,3.866611849447229,prespecified_bms,/Users/vihaanagrawal/Documents/nipahv-rdrp-md/Stages/Stage 3/results/library_100_paired_pdbqt/LIB100_0010_wt.pdbqt,/Users/vihaanagrawal/Documents/nipahv-rdrp-md/Stages/Stage 3/results/library_100_paired_pdbqt/LIB100_0010_mut.pdbqt,mutation_composite_score_v1,severe,2.0,-0.5022569778605241,48
LIB100_0092,iodophenpropit,-5.623,-5.854,-0.23099999999999987,2.5449243503979324,0.4204874186216587,-2.1244369317762737,0.4204874186216587,True,0.5527055707306734,prespecified_bms,/Users/vihaanagrawal/Documents/nipahv-rdrp-md/Stages/Stage 3/results/library_100_paired_pdbqt/LIB100_0092_wt.pdbqt,/Users/vihaanagrawal/Documents/nipahv-rdrp-md/Stages/Stage 3/results/library_100_paired_pdbqt/LIB100_0092_mut.pdbqt,mutation_composite_score_v1,severe,2.0,-0.5633311029290882,49
LIB100_0074,HJC-0350,-6.525,-6.717,-0.19199999999999928,4.460160791350197,1.4843879331773284,-2.975772858172869,1.4843879331773284,True,3.1884320867387883,prespecified_bms,/Users/vihaanagrawal/Documents/nipahv-rdrp-md/Stages/Stage 3/results/library_100_paired_pdbqt/LIB100_0074_wt.pdbqt,/Users/vihaanagrawal/Documents/nipahv-rdrp-md/Stages/Stage 3/results/library_100_paired_pdbqt/LIB100_0074_mut.pdbqt,mutation_composite_score_v1,severe,2.0,-0.6366453698480714,50
LIB100_0017,peramivir,-5.534,-5.866,-0.33199999999999985,3.3894083892374947,1.5089968929976358,-1.8804114962398588,1.5089968929976358,True,0.9892576897182087,prespecified_bms,/Users/vihaanagrawal/Documents/nipahv-rdrp-md/Stages/Stage 3/results/library_100_paired_pdbqt/LIB100_0017_wt.pdbqt,/Users/vihaanagrawal/Documents/nipahv-rdrp-md/Stages/Stage 3/results/library_100_paired_pdbqt/LIB100_0017_mut.pdbqt,mutation_composite_score_v1,severe,2.0,-0.6532148565539904,51
LIB100_0089,chloralose,-3.978,-3.869,0.10899999999999999,4.039529603796895,4.074200805183444,0.03467120138654867,4.074200805183444,False,0.047916307245053524,prespecified_bms,/Users/vihaanagrawal/Documents/nipahv-rdrp-md/Stages/Stage 3/results/library_100_paired_pdbqt/LIB100_0089_wt.pdbqt,/Users/vihaanagrawal/Documents/nipahv-rdrp-md/Stages/Stage 3/results/library_100_paired_pdbqt/LIB100_0089_mut.pdbqt,mutation_composite_score_v1,none,0.0,-0.6834960259347387,52
LIB100_0039,marimastat,-5.537,-5.798,-0.2610000000000001,3.539953361871988,2.357899472080978,-1.18205388979101,2.357899472080978,True,2.2616622659798447,prespecified_bms,/Users/vihaanagrawal/Documents/nipahv-rdrp-md/Stages/Stage 3/results/library_100_paired_pdbqt/LIB100_0039_wt.pdbqt,/Users/vihaanagrawal/Documents/nipahv-rdrp-md/Stages/Stage 3/results/library_100_paired_pdbqt/LIB100_0039_mut.pdbqt,mutation_composite_score_v1,severe,2.0,-0.7997535441611205,53
LIB100_0075,IKK-2-inhibitor,-4.773,-4.451,0.32200000000000006,3.725479882808034,3.949035646816141,0.22355576400810673,3.949035646816141,False,0.11136755129519554,prespecified_bms,/Users/vihaanagrawal/Documents/nipahv-rdrp-md/Stages/Stage 3/results/library_100_paired_pdbqt/LIB100_0075_wt.pdbqt,/Users/vihaanagrawal/Documents/nipahv-rdrp-md/Stages/Stage 3/results/library_100_paired_pdbqt/LIB100_0075_mut.pdbqt,mutation_composite_score_v1,none,0.0,-0.9858929752061754,54
LIB100_0097,symclosene,-4.099,-3.916,0.18300000000000027,3.639573813608861,3.780101467877744,0.1405276542688827,3.780101467877744,False,0.07193153573594782,prespecified_bms,/Users/vihaanagrawal/Documents/nipahv-rdrp-md/Stages/Stage 3/results/library_100_paired_pdbqt/LIB100_0097_wt.pdbqt,/Users/vihaanagrawal/Documents/nipahv-rdrp-md/Stages/Stage 3/results/library_100_paired_pdbqt/LIB100_0097_mut.pdbqt,mutation_composite_score_v1,none,0.0,-1.049743914426403,55
LIB100_0087,ansamitocin-p-3,-5.46,-5.628,-0.16800000000000015,3.803039489143746,0.9823139502583024,-2.8207255388854438,0.9823139502583024,True,0.5614610567342657,prespecified_bms,/Users/vihaanagrawal/Documents/nipahv-rdrp-md/Stages/Stage 3/results/library_100_paired_pdbqt/LIB100_0087_wt.pdbqt,/Users/vihaanagrawal/Documents/nipahv-rdrp-md/Stages/Stage 3/results/library_100_paired_pdbqt/LIB100_0087_mut.pdbqt,mutation_composite_score_v1,severe,2.0,-1.2392923077866715,56
LIB100_0071,GDC-0879,-5.147,-7.523,-2.3759999999999994,2.72095025215234,0.5363460009442741,-2.184604251208066,0.5363460009442741,True,4.784284584583402,prespecified_bms,/Users/vihaanagrawal/Documents/nipahv-rdrp-md/Stages/Stage 3/results/library_100_paired_pdbqt/LIB100_0071_wt.pdbqt,/Users/vihaanagrawal/Documents/nipahv-rdrp-md/Stages/Stage 3/results/library_100_paired_pdbqt/LIB100_0071_mut.pdbqt,mutation_composite_score_v1,severe,2.0,-1.24117844984141,57
LIB100_0030,topiramate,-4.618,-4.379,0.23900000000000077,3.105467338015457,3.0752949703751673,-0.030172367640289632,3.0752949703751673,False,0.8762566165148727,prespecified_bms,/Users/vihaanagrawal/Documents/nipahv-rdrp-md/Stages/Stage 3/results/library_100_paired_pdbqt/LIB100_0030_wt.pdbqt,/Users/vihaanagrawal/Documents/nipahv-rdrp-md/Stages/Stage 3/results/library_100_paired_pdbqt/LIB100_0030_mut.pdbqt,mutation_composite_score_v1,moderate,0.5,-1.3577623421363652,58
LIB100_0014,metrizoic-acid,-3.785,-3.614,0.17100000000000026,3.6829715946663755,3.6960325772760005,0.013060982609625071,3.6960325772760005,False,0.014314123790419915,prespecified_bms,/Users/vihaanagrawal/Documents/nipahv-rdrp-md/Stages/Stage 3/results/library_100_paired_pdbqt/LIB100_0014_wt.pdbqt,/Users/vihaanagrawal/Documents/nipahv-rdrp-md/Stages/Stage 3/results/library_100_paired_pdbqt/LIB100_0014_mut.pdbqt,mutation_composite_score_v1,none,0.0,-1.364471445677328,59
LIB100_0073,GS-39783,-5.426,-5.789,-0.36299999999999955,2.83333882676538,0.4348275486723461,-2.398511278093034,0.4348275486723461,True,1.9161971982027775,prespecified_bms,/Users/vihaanagrawal/Documents/nipahv-rdrp-md/Stages/Stage 3/results/library_100_paired_pdbqt/LIB100_0073_wt.pdbqt,/Users/vihaanagrawal/Documents/nipahv-rdrp-md/Stages/Stage 3/results/library_100_paired_pdbqt/LIB100_0073_mut.pdbqt,mutation_composite_score_v1,severe,2.0,-1.41631043796328,60
LIB100_0005,cyclophosphamide,-3.786,-3.744,0.041999999999999815,3.347724429334937,2.7535046508648473,-0.5942197784700896,2.7535046508648473,False,0.34903063857869693,prespecified_bms,/Users/vihaanagrawal/Documents/nipahv-rdrp-md/Stages/Stage 3/results/library_100_paired_pdbqt/LIB100_0005_wt.pdbqt,/Users/vihaanagrawal/Documents/nipahv-rdrp-md/Stages/Stage 3/results/library_100_paired_pdbqt/LIB100_0005_mut.pdbqt,mutation_composite_score_v1,moderate,0.5,-1.449615150982827,61
LIB100_0086,alpha-asarone,-4.957,-4.893,0.06400000000000006,3.0567220807485618,2.315172158304487,-0.7415499224440749,2.315172158304487,True,1.1226609085363308,prespecified_bms,/Users/vihaanagrawal/Documents/nipahv-rdrp-md/Stages/Stage 3/results/library_100_paired_pdbqt/LIB100_0086_wt.pdbqt,/Users/vihaanagrawal/Documents/nipahv-rdrp-md/Stages/Stage 3/results/library_100_paired_pdbqt/LIB100_0086_mut.pdbqt,mutation_composite_score_v1,severe,2.0,-1.657115943821763,62
LIB100_0098,transcrocetinate,-5.621,-6.101,-0.47999999999999954,3.6759002122793274,0.7443834794552631,-2.9315167328240643,0.7443834794552631,True,3.0016608326787857,prespecified_bms,/Users/vihaanagrawal/Documents/nipahv-rdrp-md/Stages/Stage 3/results/library_100_paired_pdbqt/LIB100_0098_wt.pdbqt,/Users/vihaanagrawal/Documents/nipahv-rdrp-md/Stages/Stage 3/results/library_100_paired_pdbqt/LIB100_0098_mut.pdbqt,mutation_composite_score_v1,severe,2.0,-1.7133845806596173,63
LIB100_0049,docebenone,-6.857,-6.456,0.4009999999999998,2.943419971469864,1.4536938052674582,-1.489726166202406,1.4536938052674582,True,2.3355960010240913,top20_wt;prespecified_bms,/Users/vihaanagrawal/Documents/nipahv-rdrp-md/Stages/Stage 3/results/library_100_paired_pdbqt/LIB100_0049_wt.pdbqt,/Users/vihaanagrawal/Documents/nipahv-rdrp-md/Stages/Stage 3/results/library_100_paired_pdbqt/LIB100_0049_mut.pdbqt,mutation_composite_score_v1,severe,2.0,-1.799615221901154,64
LIB100_0064,"2-(chloromethyl)-5,6,7,8-tetrahydro[1]benzothieno[2,3-d]pyrimidin-4(3H)-one",-5.253,-5.593,-0.33999999999999986,4.377866515698913,1.7061813572302562,-2.671685158468657,1.7061813572302562,True,2.0787347439734685,prespecified_bms,/Users/vihaanagrawal/Documents/nipahv-rdrp-md/Stages/Stage 3/results/library_100_paired_pdbqt/LIB100_0064_wt.pdbqt,/Users/vihaanagrawal/Documents/nipahv-rdrp-md/Stages/Stage 3/results/library_100_paired_pdbqt/LIB100_0064_mut.pdbqt,mutation_composite_score_v1,severe,2.0,-1.9069175861727667,65
LIB100_0029,tiabendazole,-4.935,-4.863,0.07199999999999918,3.1908662766923985,2.1838270199149346,-1.007039256777464,2.1838270199149346,True,1.2032372981068886,prespecified_bms,/Users/vihaanagrawal/Documents/nipahv-rdrp-md/Stages/Stage 3/results/library_100_paired_pdbqt/LIB100_0029_wt.pdbqt,/Users/vihaanagrawal/Documents/nipahv-rdrp-md/Stages/Stage 3/results/library_100_paired_pdbqt/LIB100_0029_mut.pdbqt,mutation_composite_score_v1,severe,2.0,-1.9157555862707576,66
LIB100_0057,MKT-077,-4.85,-5.578,-0.7280000000000006,3.334055837734457,1.7577183537372398,-1.5763374839972173,1.7577183537372398,True,2.8851023803075186,prespecified_bms,/Users/vihaanagrawal/Documents/nipahv-rdrp-md/Stages/Stage 3/results/library_100_paired_pdbqt/LIB100_0057_wt.pdbqt,/Users/vihaanagrawal/Documents/nipahv-rdrp-md/Stages/Stage 3/results/library_100_paired_pdbqt/LIB100_0057_mut.pdbqt,mutation_composite_score_v1,severe,2.0,-1.939433077280656,67
LIB100_0026,temefos,-4.749,-4.421,0.3279999999999994,3.275060426078145,4.9444173459025835,1.6693569198244385,4.9444173459025835,False,1.1731570182949604,prespecified_bms,/Users/vihaanagrawal/Documents/nipahv-rdrp-md/Stages/Stage 3/results/library_100_paired_pdbqt/LIB100_0026_wt.pdbqt,/Users/vihaanagrawal/Documents/nipahv-rdrp-md/Stages/Stage 3/results/library_100_paired_pdbqt/LIB100_0026_mut.pdbqt,mutation_composite_score_v1,none,0.0,-2.2302821356002562,68
LIB100_0096,spermine,-2.933,-3.833,-0.9000000000000004,3.411187194433794,2.5661421586020174,-0.8450450358317765,2.5661421586020174,False,1.3219316945288835,prespecified_bms,/Users/vihaanagrawal/Documents/nipahv-rdrp-md/Stages/Stage 3/results/library_100_paired_pdbqt/LIB100_0096_wt.pdbqt,/Users/vihaanagrawal/Documents/nipahv-rdrp-md/Stages/Stage 3/results/library_100_paired_pdbqt/LIB100_0096_mut.pdbqt,mutation_composite_score_v1,moderate,0.5,-2.2872253234269437,69
LIB100_0051,nemazoline,-5.125,-5.184,-0.05900000000000016,3.4048591148278735,1.2096582893658807,-2.195200825461993,1.2096582893658807,True,3.48592562811728,prespecified_bms,/Users/vihaanagrawal/Documents/nipahv-rdrp-md/Stages/Stage 3/results/library_100_paired_pdbqt/LIB100_0051_wt.pdbqt,/Users/vihaanagrawal/Documents/nipahv-rdrp-md/Stages/Stage 3/results/library_100_paired_pdbqt/LIB100_0051_mut.pdbqt,mutation_composite_score_v1,severe,2.0,-2.5857432374690905,70
LIB100_0023,saxagliptin,-6.455,-5.853,0.6020000000000003,2.80852439018673,1.8193740898691124,-0.9891503003176174,1.8193740898691124,True,0.34630939240255837,prespecified_bms,/Users/vihaanagrawal/Documents/nipahv-rdrp-md/Stages/Stage 3/results/library_100_paired_pdbqt/LIB100_0023_wt.pdbqt,/Users/vihaanagrawal/Documents/nipahv-rdrp-md/Stages/Stage 3/results/library_100_paired_pdbqt/LIB100_0023_mut.pdbqt,mutation_composite_score_v1,severe,2.0,-2.736388114118646,71
LIB100_0061,tifenazoxide,-4.731,-5.186,-0.45500000000000007,3.467698418484936,2.2051457917607706,-1.2625526267241653,2.2051457917607706,True,4.991658430741885,prespecified_bms,/Users/vihaanagrawal/Documents/nipahv-rdrp-md/Stages/Stage 3/results/library_100_paired_pdbqt/LIB100_0061_wt.pdbqt,/Users/vihaanagrawal/Documents/nipahv-rdrp-md/Stages/Stage 3/results/library_100_paired_pdbqt/LIB100_0061_mut.pdbqt,mutation_composite_score_v1,severe,2.0,-2.94424737274937,72
LIB100_0004,cetrimonium,-4.691,-4.667,0.02400000000000002,3.449769645917375,0.3932202696321186,-3.0565493762852562,0.3932202696321186,True,1.298879379503729,prespecified_bms,/Users/vihaanagrawal/Documents/nipahv-rdrp-md/Stages/Stage 3/results/library_100_paired_pdbqt/LIB100_0004_wt.pdbqt,/Users/vihaanagrawal/Documents/nipahv-rdrp-md/Stages/Stage 3/results/library_100_paired_pdbqt/LIB100_0004_mut.pdbqt,mutation_composite_score_v1,severe,2.0,-3.109644222991075,73
LIB100_0090,g-caryophyllene,-3.84,-3.903,-0.06300000000000017,3.612699499328004,1.9994430323174572,-1.6132564670105467,1.9994430323174572,True,0.8404121023224713,prespecified_bms,/Users/vihaanagrawal/Documents/nipahv-rdrp-md/Stages/Stage 3/results/library_100_paired_pdbqt/LIB100_0090_wt.pdbqt,/Users/vihaanagrawal/Documents/nipahv-rdrp-md/Stages/Stage 3/results/library_100_paired_pdbqt/LIB100_0090_mut.pdbqt,mutation_composite_score_v1,severe,2.0,-3.2697381081832058,74
LIB100_0028,thiopental,-4.355,-4.608,-0.2529999999999992,3.583348566120627,1.9939574982101207,-1.589391067910506,1.9939574982101207,True,4.66016924830413,prespecified_bms,/Users/vihaanagrawal/Documents/nipahv-rdrp-md/Stages/Stage 3/results/library_100_paired_pdbqt/LIB100_0028_wt.pdbqt,/Users/vihaanagrawal/Documents/nipahv-rdrp-md/Stages/Stage 3/results/library_100_paired_pdbqt/LIB100_0028_mut.pdbqt,mutation_composite_score_v1,severe,2.0,-3.731227141471252,75
LIB100_0046,TMC647055,-2.611,-2.438,0.17300000000000004,10.188637098339521,10.18739124865412,-0.0012458496854019785,10.18739124865412,False,1.5163936956732906,prespecified_bms,/Users/vihaanagrawal/Documents/nipahv-rdrp-md/Stages/Stage 3/results/library_100_paired_pdbqt/LIB100_0046_wt.pdbqt,/Users/vihaanagrawal/Documents/nipahv-rdrp-md/Stages/Stage 3/results/library_100_paired_pdbqt/LIB100_0046_mut.pdbqt,mutation_composite_score_v1,none,0.0,-3.7342175643171727,76
LIB100_0040,oltipraz,-3.848,-4.171,-0.3230000000000004,3.5704321120326963,1.440791200513414,-2.1296409115192825,1.440791200513414,True,1.9850019182319492,prespecified_bms,/Users/vihaanagrawal/Documents/nipahv-rdrp-md/Stages/Stage 3/results/library_100_paired_pdbqt/LIB100_0040_wt.pdbqt,/Users/vihaanagrawal/Documents/nipahv-rdrp-md/Stages/Stage 3/results/library_100_paired_pdbqt/LIB100_0040_mut.pdbqt,mutation_composite_score_v1,severe,2.0,-3.7574307141417647,77
LIB100_0080,NS-3861,-5.35,-4.934,0.4159999999999995,3.628197809351026,2.1033856640061357,-1.5248121453448902,2.1033856640061357,True,1.2432874021900187,prespecified_bms,/Users/vihaanagrawal/Documents/nipahv-rdrp-md/Stages/Stage 3/results/library_100_paired_pdbqt/LIB100_0080_wt.pdbqt,/Users/vihaanagrawal/Documents/nipahv-rdrp-md/Stages/Stage 3/results/library_100_paired_pdbqt/LIB100_0080_mut.pdbqt,mutation_composite_score_v1,severe,2.0,-3.8326144279455403,78
LIB100_0008,disulfiram,-3.378,-3.841,-0.4630000000000001,3.9309406677324286,1.8852860676603889,-2.04565460007204,1.8852860676603889,True,0.7125660660159591,prespecified_bms,/Users/vihaanagrawal/Documents/nipahv-rdrp-md/Stages/Stage 3/results/library_100_paired_pdbqt/LIB100_0008_wt.pdbqt,/Users/vihaanagrawal/Documents/nipahv-rdrp-md/Stages/Stage 3/results/library_100_paired_pdbqt/LIB100_0008_mut.pdbqt,mutation_composite_score_v1,severe,2.0,-3.857145269857842,79
LIB100_0025,talipexole,-3.218,-3.231,-0.0129999999999999,3.4929333603357517,2.2917191267556922,-1.2012142335800595,2.2917191267556922,True,1.4358398389826834,prespecified_bms,/Users/vihaanagrawal/Documents/nipahv-rdrp-md/Stages/Stage 3/results/library_100_paired_pdbqt/LIB100_0025_wt.pdbqt,/Users/vihaanagrawal/Documents/nipahv-rdrp-md/Stages/Stage 3/results/library_100_paired_pdbqt/LIB100_0025_mut.pdbqt,mutation_composite_score_v1,severe,2.0,-4.265130584900816,80
LIB100_0021,propatylnitrate,-4.807,-4.336,0.4710000000000001,3.051997351533872,2.281859127213076,-0.7701382243207959,2.281859127213076,True,0.4280717099842888,prespecified_bms,/Users/vihaanagrawal/Documents/nipahv-rdrp-md/Stages/Stage 3/results/library_100_paired_pdbqt/LIB100_0021_wt.pdbqt,/Users/vihaanagrawal/Documents/nipahv-rdrp-md/Stages/Stage 3/results/library_100_paired_pdbqt/LIB100_0021_mut.pdbqt,mutation_composite_score_v1,severe,2.0,-4.324074100990471,81
LIB100_0084,U-0124,-4.062,-3.745,0.31700000000000017,2.2684563625576835,5.575232955827806,3.3067765932701225,5.575232955827806,False,2.630506193860347,prespecified_bms,/Users/vihaanagrawal/Documents/nipahv-rdrp-md/Stages/Stage 3/results/library_100_paired_pdbqt/LIB100_0084_wt.pdbqt,/Users/vihaanagrawal/Documents/nipahv-rdrp-md/Stages/Stage 3/results/library_100_paired_pdbqt/LIB100_0084_mut.pdbqt,mutation_composite_score_v1,none,0.0,-4.632456140966424,82
LIB100_0035,dimesna,-3.343,-3.556,-0.21300000000000008,1.7922342487310507,6.169361088101512,4.377126839370462,6.169361088101512,False,4.179312766846374,prespecified_bms,/Users/vihaanagrawal/Documents/nipahv-rdrp-md/Stages/Stage 3/results/library_100_paired_pdbqt/LIB100_0035_wt.pdbqt,/Users/vihaanagrawal/Documents/nipahv-rdrp-md/Stages/Stage 3/results/library_100_paired_pdbqt/LIB100_0035_mut.pdbqt,mutation_composite_score_v1,none,0.0,-4.636340201030672,83
LIB100_0056,CNQX,-5.244,-5.528,-0.2839999999999998,2.7264663230763486,8.738134894885889,6.01166857180954,8.738134894885889,False,9.875497064666583,prespecified_bms,/Users/vihaanagrawal/Documents/nipahv-rdrp-md/Stages/Stage 3/results/library_100_paired_pdbqt/LIB100_0056_wt.pdbqt,/Users/vihaanagrawal/Documents/nipahv-rdrp-md/Stages/Stage 3/results/library_100_paired_pdbqt/LIB100_0056_mut.pdbqt,mutation_composite_score_v1,none,0.0,-4.639480689004195,84
LIB100_0012,lindane,-3.605,-4.19,-0.5850000000000004,3.6471660925465574,1.4304467189320615,-2.216719373614496,1.4304467189320615,True,4.324790305610179,prespecified_bms,/Users/vihaanagrawal/Documents/nipahv-rdrp-md/Stages/Stage 3/results/library_100_paired_pdbqt/LIB100_0012_wt.pdbqt,/Users/vihaanagrawal/Documents/nipahv-rdrp-md/Stages/Stage 3/results/library_100_paired_pdbqt/LIB100_0012_mut.pdbqt,mutation_composite_score_v1,severe,2.0,-4.84205206454639,85
LIB100_0095,soraprazan,-4.603,-5.59,-0.9870000000000001,3.660429190100887,0.7035109878712985,-2.9569182022295886,0.7035109878712985,True,8.327331578673048,prespecified_bms,/Users/vihaanagrawal/Documents/nipahv-rdrp-md/Stages/Stage 3/results/library_100_paired_pdbqt/LIB100_0095_wt.pdbqt,/Users/vihaanagrawal/Documents/nipahv-rdrp-md/Stages/Stage 3/results/library_100_paired_pdbqt/LIB100_0095_mut.pdbqt,mutation_composite_score_v1,severe,2.0,-4.87394877587937,86
LIB100_0079,NBI-27914,-4.341,-4.99,-0.649,4.899618889987222,1.2117157729184829,-3.687903117068739,1.2117157729184829,True,5.646280177448664,prespecified_bms,/Users/vihaanagrawal/Documents/nipahv-rdrp-md/Stages/Stage 3/results/library_100_paired_pdbqt/LIB100_0079_wt.pdbqt,/Users/vihaanagrawal/Documents/nipahv-rdrp-md/Stages/Stage 3/results/library_100_paired_pdbqt/LIB100_0079_mut.pdbqt,mutation_composite_score_v1,severe,2.0,-4.937503317543631,87
LIB100_0062,"1,2,3,4,5,6-hexabromocyclohexane",-3.247,-3.17,0.07699999999999996,4.147577967985416,2.334449209053138,-1.8131287589322782,2.334449209053138,True,1.4519721717374285,prespecified_bms,/Users/vihaanagrawal/Documents/nipahv-rdrp-md/Stages/Stage 3/results/library_100_paired_pdbqt/LIB100_0062_wt.pdbqt,/Users/vihaanagrawal/Documents/nipahv-rdrp-md/Stages/Stage 3/results/library_100_paired_pdbqt/LIB100_0062_mut.pdbqt,mutation_composite_score_v1,severe,2.0,-5.071122419311498,88
LIB100_0022,romidepsin,-1.682,-2.481,-0.7989999999999999,9.388386271258225,7.1381981945124515,-2.250188076745774,7.1381981945124515,False,3.0020370302671724,prespecified_bms,/Users/vihaanagrawal/Documents/nipahv-rdrp-md/Stages/Stage 3/results/library_100_paired_pdbqt/LIB100_0022_wt.pdbqt,/Users/vihaanagrawal/Documents/nipahv-rdrp-md/Stages/Stage 3/results/library_100_paired_pdbqt/LIB100_0022_mut.pdbqt,mutation_composite_score_v1,none,0.0,-5.165656745419794,89
LIB100_0093,lipoamide,-4.511,-4.155,0.35599999999999987,3.511953385901711,1.5489467951953957,-1.9630065907063154,1.5489467951953957,True,1.8802617205471737,prespecified_bms,/Users/vihaanagrawal/Documents/nipahv-rdrp-md/Stages/Stage 3/results/library_100_paired_pdbqt/LIB100_0093_wt.pdbqt,/Users/vihaanagrawal/Documents/nipahv-rdrp-md/Stages/Stage 3/results/library_100_paired_pdbqt/LIB100_0093_mut.pdbqt,mutation_composite_score_v1,severe,2.0,-5.199920448833492,90
LIB100_0019,pindolol,-5.461,-4.813,0.6480000000000006,3.5675708411770537,1.8713437237987973,-1.6962271173782564,1.8713437237987973,True,1.1315106892598583,prespecified_bms,/Users/vihaanagrawal/Documents/nipahv-rdrp-md/Stages/Stage 3/results/library_100_paired_pdbqt/LIB100_0019_wt.pdbqt,/Users/vihaanagrawal/Documents/nipahv-rdrp-md/Stages/Stage 3/results/library_100_paired_pdbqt/LIB100_0019_mut.pdbqt,mutation_composite_score_v1,severe,2.0,-5.2386765486514975,91
LIB100_0063,"1-((Z)-3-chloroallyl)-1,3,5,7-tetraazaadamantan-1-ium",-3.386,-3.541,-0.1549999999999998,2.8521438412605598,1.274671611858391,-1.5774722294021688,1.274671611858391,True,4.517437967002327,prespecified_bms,/Users/vihaanagrawal/Documents/nipahv-rdrp-md/Stages/Stage 3/results/library_100_paired_pdbqt/LIB100_0063_wt.pdbqt,/Users/vihaanagrawal/Documents/nipahv-rdrp-md/Stages/Stage 3/results/library_100_paired_pdbqt/LIB100_0063_mut.pdbqt,mutation_composite_score_v1,severe,2.0,-5.239097600356299,92
LIB100_0050,lodenosine,-4.793,-5.099,-0.30600000000000005,2.845452611404784,8.775780581451462,5.930327970046678,8.775780581451462,False,11.348842609433655,prespecified_bms,/Users/vihaanagrawal/Documents/nipahv-rdrp-md/Stages/Stage 3/results/library_100_paired_pdbqt/LIB100_0050_wt.pdbqt,/Users/vihaanagrawal/Documents/nipahv-rdrp-md/Stages/Stage 3/results/library_100_paired_pdbqt/LIB100_0050_mut.pdbqt,mutation_composite_score_v1,none,0.0,-5.818315493116238,93
LIB100_0055,CH-170,-4.525,-4.795,-0.2699999999999996,6.538186374422192,1.3747816204768484,-5.163404753945344,1.3747816204768484,True,5.889455086211278,prespecified_bms,/Users/vihaanagrawal/Documents/nipahv-rdrp-md/Stages/Stage 3/results/library_100_paired_pdbqt/LIB100_0055_wt.pdbqt,/Users/vihaanagrawal/Documents/nipahv-rdrp-md/Stages/Stage 3/results/library_100_paired_pdbqt/LIB100_0055_mut.pdbqt,mutation_composite_score_v1,severe,2.0,-5.827311268155565,94
LIB100_0053,perzinfotel,-3.622,-3.856,-0.23399999999999999,3.439173197194797,6.881508880008532,3.442335682813735,6.881508880008532,False,10.884833510800725,prespecified_bms,/Users/vihaanagrawal/Documents/nipahv-rdrp-md/Stages/Stage 3/results/library_100_paired_pdbqt/LIB100_0053_wt.pdbqt,/Users/vihaanagrawal/Documents/nipahv-rdrp-md/Stages/Stage 3/results/library_100_paired_pdbqt/LIB100_0053_mut.pdbqt,mutation_composite_score_v1,none,0.0,-6.170806361560675,95
LIB100_0044,FK-33-824,-5.95,-5.115,0.835,2.0515496628336027,0.5165528129899658,-1.5349968498436368,0.5165528129899658,True,2.769587516444532,prespecified_bms,/Users/vihaanagrawal/Documents/nipahv-rdrp-md/Stages/Stage 3/results/library_100_paired_pdbqt/LIB100_0044_wt.pdbqt,/Users/vihaanagrawal/Documents/nipahv-rdrp-md/Stages/Stage 3/results/library_100_paired_pdbqt/LIB100_0044_mut.pdbqt,mutation_composite_score_v1,severe,2.0,-6.2359952534657594,96
LIB100_0006,dihydroartemisinin,-4.09,-4.375,-0.28500000000000014,6.0976697425803925,1.2002853736929062,-4.8973843688874865,1.2002853736929062,True,6.07438254588891,prespecified_bms,/Users/vihaanagrawal/Documents/nipahv-rdrp-md/Stages/Stage 3/results/library_100_paired_pdbqt/LIB100_0006_wt.pdbqt,/Users/vihaanagrawal/Documents/nipahv-rdrp-md/Stages/Stage 3/results/library_100_paired_pdbqt/LIB100_0006_mut.pdbqt,mutation_composite_score_v1,severe,2.0,-6.411154889174307,97
LIB100_0007,diphemanil,-4.404,-6.138,-1.734,6.933711168409328,0.4761884644160652,-6.457522703993263,0.4761884644160652,True,8.537685614559797,prespecified_bms,/Users/vihaanagrawal/Documents/nipahv-rdrp-md/Stages/Stage 3/results/library_100_paired_pdbqt/LIB100_0007_wt.pdbqt,/Users/vihaanagrawal/Documents/nipahv-rdrp-md/Stages/Stage 3/results/library_100_paired_pdbqt/LIB100_0007_mut.pdbqt,mutation_composite_score_v1,severe,2.0,-6.559108403691723,98
LIB100_0058,PF-05180999,-4.444,-6.664,-2.2199999999999998,6.8810773986733675,0.44814759660203557,-6.432929802071332,0.44814759660203557,True,10.184166201947448,prespecified_bms,/Users/vihaanagrawal/Documents/nipahv-rdrp-md/Stages/Stage 3/results/library_100_paired_pdbqt/LIB100_0058_wt.pdbqt,/Users/vihaanagrawal/Documents/nipahv-rdrp-md/Stages/Stage 3/results/library_100_paired_pdbqt/LIB100_0058_mut.pdbqt,mutation_composite_score_v1,severe,2.0,-6.719093674706372,99
LIB100_0001,altretamine,-3.022,-3.541,-0.5190000000000001,14.13443990317601,1.489425179642235,-12.645014723533777,1.489425179642235,True,13.100390940561859,prespecified_bms,/Users/vihaanagrawal/Documents/nipahv-rdrp-md/Stages/Stage 3/results/library_100_paired_pdbqt/LIB100_0001_wt.pdbqt,/Users/vihaanagrawal/Documents/nipahv-rdrp-md/Stages/Stage 3/results/library_100_paired_pdbqt/LIB100_0001_mut.pdbqt,mutation_composite_score_v1,severe,2.0,-14.628029242675938,100
