name,reason,smiles
1-hexadecanol,qc_incompatible,
1-hexadecanol,qc_incompatible,
1-hexadecanol,qc_incompatible,
1-octanol,qc_incompatible,
1-octanol,qc_incompatible,
"1,4-butanediol",qc_incompatible,
"2-ethyl-1,3-hexanediol",qc_incompatible,
"2-ethyl-1,3-hexanediol",qc_incompatible,
"2-ethyl-1,3-hexanediol",qc_incompatible,
2-octyldodecan-1-ol,qc_incompatible,
2-octyldodecan-1-ol,qc_incompatible,
2-octyldodecan-1-ol,qc_incompatible,
2-oxoglutaric-acid,qc_incompatible,
2-oxoglutaric-acid,qc_incompatible,
"2,6-dimethylpiperidine",qc_incompatible,
"2,6-dimethylpiperidine",qc_incompatible,
3-bromopyruvate,qc_incompatible,
3-bromopyruvate,qc_incompatible,
3-CPMT,invalid_smiles,"CN1[C@H]2CC[C@@H]1C[C@@H](C2)O[C@H](c1ccccc1)c1ccc(Cl)cc1 |&1:2,5,7,&2:10,r,THB:0:1:3.4:6.7.8|"
acamprosate,qc_incompatible,
acamprosate,qc_incompatible,
acamprosate,qc_incompatible,
acetarsol,unsupported_docking_elements:As,CC(=O)Nc1cc(ccc1O)[As](O)(O)=O
acetarsol,unsupported_docking_elements:As,CC(=O)Nc1cc(ccc1O)[As](O)(O)=O
acetarsol,unsupported_docking_elements:As,CC(=O)Nc1cc(ccc1O)[As](O)(O)=O
acetohydroxamic-acid,qc_incompatible,
acetylcysteine,qc_incompatible,
acetylcysteine,qc_incompatible,
acriflavine,multi_fragment_structure,Nc1ccc2cc3ccc(N)cc3nc2c1.C[n+]1c2cc(N)ccc2cc2ccc(N)cc12
acriflavine,multi_fragment_structure,Nc1ccc2cc3ccc(N)cc3nc2c1.C[n+]1c2cc(N)ccc2cc2ccc(N)cc12
acrisorcin,multi_fragment_structure,CCCCCCc1ccc(O)cc1O.Nc1c2ccccc2nc2ccccc12
acrylate,qc_incompatible,
agmatine,qc_incompatible,
agmatine,qc_incompatible,
alcuronium,invalid_smiles,"OC\C=C1/C[N@+]2(CC=C)CC[C@@]34[C@@H]2C[C@@H]1\C1=C\N2[C@@H]5\C(=C/N([C@@H]31)c1ccccc41)[C@H]1C[C@H]3[C@@]5(CC[N@@+]3(CC=C)C\C1=C/CO)c1ccccc21 |a:5,11,12,14,29,31,32,35,&1:18,&2:22,c:21,t:17,TLB:2:3:13:11.15.22,20:19:30:35.39.40,10:11:3.4.5:13,41:40:30:18.19.32,28:11:3.4.5:13,THB:34:35:30:18.19.32,16:15:3.4.5:13,33:32:30:35.39.40,36:35:30:18.19.32,6:5:13:11.15.22,9:5:13:11.15.22,44:32:30:35.39.40|"
alendronate,qc_incompatible,
alendronate,qc_incompatible,
alendronate,qc_incompatible,
alendronate,qc_incompatible,
alendronate,qc_incompatible,
allicin,qc_incompatible,
allylisothiocyanate,qc_incompatible,
allylisothiocyanate,qc_incompatible,
amifostine,qc_incompatible,
ammonium-lactate,qc_incompatible,
ammonium-lactate,qc_incompatible,
amylene-hydrate,qc_incompatible,
amylene-hydrate,qc_incompatible,
anisodamine,invalid_smiles,"CN1[C@H]2C[C@H](O)[C@H]1C[C@H](C2)OC(=O)[C@H](CO)c1ccccc1 |a:4,6,8,13,&1:2,THB:5:4:1:7.8.9|"
anisodamine,invalid_smiles,"CN1[C@H]2C[C@H](O)[C@H]1C[C@H](C2)OC(=O)[C@H](CO)c1ccccc1 |a:4,6,8,13,&1:2,THB:5:4:1:7.8.9|"
antimony-potassium,unsupported_docking_elements:Sb,[H][C@]12O[SbH]3(OC1=O)OC(=O)[C@]([H])(O3)[C@@]1([H])O[SbH]3(OC(=O)[C@]2([H])O3)OC1=O |r|
antimonyl,qc_incompatible,
antimonyl,qc_incompatible,
arsanilic-acid,unsupported_docking_elements:As,Nc1ccc(cc1)[As](O)(O)=O
arsanilic-acid,unsupported_docking_elements:As,Nc1ccc(cc1)[As](O)(O)=O
arsenic-trioxide,unsupported_docking_elements:As,O=[As]O[As]=O
atropine,invalid_smiles,"CN1[C@H]2CC[C@@H]1C[C@@H](C2)OC(=O)[C@@H](CO)c1ccccc1 |a:2,5,7,&1:12,THB:9:7:1:3.4|"
atropine,invalid_smiles,"CN1[C@H]2CC[C@@H]1C[C@@H](C2)OC(=O)[C@@H](CO)c1ccccc1 |a:2,5,7,&1:12,THB:9:7:1:3.4|"
atropine,invalid_smiles,"CN1[C@H]2CC[C@@H]1C[C@@H](C2)OC(=O)[C@@H](CO)c1ccccc1 |a:2,5,7,&1:12,THB:9:7:1:3.4|"
auranofin,qc_incompatible,
auranofin,unsupported_docking_elements:Au,CCP(CC)(CC)=[Au]S[C@@H]1O[C@H](COC(C)=O)[C@@H](OC(C)=O)[C@H](OC(C)=O)[C@H]1OC(C)=O
auranofin,unsupported_docking_elements:Au,CCP(CC)(CC)=[Au]S[C@@H]1O[C@H](COC(C)=O)[C@@H](OC(C)=O)[C@H](OC(C)=O)[C@H]1OC(C)=O
auranofin,qc_incompatible,
aurothioglucose,unsupported_docking_elements:Au,OC[C@H]1O[C@H](S[Au])[C@H](O)[C@@H](O)[C@@H]1O
aurothioglucose,unsupported_docking_elements:Au,OC[C@H]1O[C@H](S[Au])[C@H](O)[C@@H](O)[C@@H]1O
AZD4282,qc_incompatible,
azodicarbonamide,qc_incompatible,
azodicarbonamide,qc_incompatible,
bacitracin-zinc,unsupported_docking_elements:Zn,CC[C@H](C)[C@H](N)C1=N[C@@H](CS1)C(=O)N[C@@H](CC(C)C)C(=O)N[C@@H]1CCC(=O)O[Zn]OC(=O)C[C@H]2NC(=O)[C@H](Cc3c[nH]cn3)NC(=O)[C@@H](Cc3ccccc3)NC(=O)[C@@H](NC(=O)[C@@H](CCCN)NC(=O)[C@H](CCCCNC(=O)[C@H](CC(N)=O)NC2=O)NC(=O)[C@@H](NC1=O)[C@@H](C)CC)[C@@H](C)CC |t:6|
beclabuvir,invalid_smiles,COc1ccc2-c3c(C4CCCCC4)c4ccc(cc4n3C[C@]3(C[C@H]3c2c1)C(=O)N1[C@H]2CC[C@@H]1CN(C)C2)C(=O)NS(=O)(=O)N(C)C |THB:27:29:31.32:34.35.37|
bemesetron,invalid_smiles,"CN1[C@H]2CC[C@@H]1C[C@@H](C2)OC(=O)c1cc(Cl)cc(Cl)c1 |r,THB:0:1:3.4:6.7.8|"
beta-glycerophosphoric-acid,qc_incompatible,
beta-hydroxy-beta-methylbutyrate,multi_fragment_structure,CC(C)(O)CC(O)=O.CC(C)(O)CC(O)=O
beta-hydroxybutyrate,qc_incompatible,
betaine,qc_incompatible,
bis(maltolato)oxovanadium(IV),unsupported_docking_elements:V,Cc1occc(=O)c1O[V](=O)Oc1c(C)occc1=O
bis(maltolato)oxovanadium(IV),unsupported_docking_elements:V,Cc1occc(=O)c1O[V](=O)Oc1c(C)occc1=O
bis(maltolato)oxovanadium(IV),unsupported_docking_elements:V,Cc1occc(=O)c1O[V](=O)Oc1c(C)occc1=O
bis(maltolato)oxovanadium(IV),unsupported_docking_elements:V,Cc1occc(=O)c1O[V](=O)Oc1c(C)occc1=O
bismuth-oxalate,qc_incompatible,
bismuth-subcitrate-potassium,unsupported_docking_elements:Bi,"OC(=O)C[C@](O)(CC(=O)O[Bi]1OC(=O)C[C@@](O)(CC(O)=O)C(=O)O1)C(O)=O |&1:4,&2:15|"
bismuth-subgallate,qc_incompatible,
bismuth-subsalicylate,qc_incompatible,
bismuth-subsalicylate,unsupported_docking_elements:Bi,O[Bi]1OC(=O)c2ccccc2O1
bismuth-subsalicylate,qc_incompatible,
bismuth-subsalicylate,qc_incompatible,
bismuth-subsalicylate,qc_incompatible,
bismuth(III)-trifluoromethanesulfonate,multi_fragment_structure,[Bi].OS(=O)(=O)C(F)(F)F.OS(=O)(=O)C(F)(F)F.OS(=O)(=O)C(F)(F)F
bornyl-acetate,qc_incompatible,
bornyl-acetate,qc_incompatible,
bronopol,qc_incompatible,
bronopol,qc_incompatible,
bucillamine,qc_incompatible,
bucillamine,qc_incompatible,
butylscopolamine-bromide,invalid_smiles,"CCCC[N@@+]1(C)[C@H]2C[C@@H](C[C@@H]1[C@H]1O[C@@H]21)OC(=O)[C@H](CO)c1ccccc1 |a:6,8,10,11,13,17,&1:4,TLB:3:4:7.8.9:11.13,12:11:4:7.8.9,12:13:4:7.8.9,THB:5:4:7.8.9:11.13,14:8:4:11.13|"
C106,multi_fragment_structure,"CN1CCC[C@@H]1c1cccnc1.Cc1ccc(cc1)C(=O)O[C@@H]([C@@H](OC(=O)c1ccc(C)cc1)C(O)=O)C(O)=O |&1:5,&2:22,&3:23,r|"
C11-Acetate,qc_incompatible,
cabagin,qc_incompatible,
cabagin,qc_incompatible,
caprylic-acid,qc_incompatible,
caprylic-acid,qc_incompatible,
captamine,qc_incompatible,
captamine,qc_incompatible,
carbarsone,unsupported_docking_elements:As,NC(=O)Nc1ccc(cc1)[As](O)(O)=O
carbarsone,unsupported_docking_elements:As,NC(=O)Nc1ccc(cc1)[As](O)(O)=O
carboplatin,qc_incompatible,
carboplatin,qc_incompatible,
carboplatin,qc_incompatible,
carboplatin,qc_incompatible,
carboplatin,qc_incompatible,
carboplatin,qc_incompatible,
carboplatin,qc_incompatible,
carmustine,qc_incompatible,
carmustine,qc_incompatible,
cephalosporin-c-zn,unsupported_docking_elements:Zn,CC(=O)OCC1=C2N3[C@H](SC1)[C@H](NC(=O)CCC[C@H](N)C(=O)O[Zn]OC2=O)C3=O |t:5|
CGP-20712A,multi_fragment_structure,"CS(O)(=O)=O.Cn1cc(nc1-c1ccc(OC[C@H](O)CNCCOc2ccc(O)c(c2)C(N)=O)cc1)C(F)(F)F |&1:17,r|"
CGP-37849,qc_incompatible,
CGP-37849,qc_incompatible,
chlorobutanol,qc_incompatible,
chlorobutanol,qc_incompatible,
chlorobutanol,qc_incompatible,
chlorophyllin-copper,unsupported_docking_elements:Cu,"CCC1=C(C)\C2=C\c3c(C=C)c(C)c4\C=C5/N=C([C@@H](CCC(O)=O)[C@@H]5C)/C(/CC(O)=O)=c5/c(C(O)=O)c(C)\c(=C\C1=N2)n5[Cu]n34 |&1:18,&2:24,r,c:2,14,16,42,t:5,31,39|"
chlorophyllin-copper,unsupported_docking_elements:Cu,"CCC1=C(C)\C2=C\c3c(C=C)c(C)c4\C=C5/N=C([C@@H](CCC(O)=O)[C@@H]5C)/C(/CC(O)=O)=c5/c(C(O)=O)c(C)\c(=C\C1=N2)n5[Cu]n34 |&1:18,&2:24,r,c:2,14,16,42,t:5,31,39|"
chromanol-(+/-),multi_fragment_structure,CCS(=O)(=O)N(C)[C@@H]1[C@@H](O)C(C)(C)Oc2ccc(cc12)C#N.CCS(=O)(=O)N(C)[C@H]1[C@H](O)C(C)(C)Oc2ccc(cc12)C#N
chromium-picolinate,unsupported_docking_elements:Cr,O=C(O[Cr](OC(=O)c1ccccn1)OC(=O)c1ccccn1)c1ccccn1
chromium-picolinate,unsupported_docking_elements:Cr,O=C(O[Cr](OC(=O)c1ccccn1)OC(=O)c1ccccn1)c1ccccn1
ciaftalan-zinc,unsupported_docking_elements:Zn,"[Zn]1n2c3\N=C4/N=C(/N=c5\n1\c(=N/C1=N/C(=N\c2c2ccccc32)/c2ccccc12)c1ccccc51)c1ccccc41 |c:3,7,11,15,t:5,13|"
cimetropium,invalid_smiles,"C[N@@+]1(CC2CC2)[C@H]2C[C@@H](C[C@@H]1[C@H]1O[C@@H]21)OC(=O)[C@H](CO)c1ccccc1 |a:6,8,10,11,13,17,&1:1,TLB:0:1:7.8.9:11.13,THB:2:1:7.8.9:11.13,12:11:1:7.8.9,12:13:1:7.8.9,14:8:1:11.13|"
cis-aconitic-acid,qc_incompatible,
cisplatin,qc_incompatible,
cisplatin,qc_incompatible,
cisplatin,qc_incompatible,
cisplatin,qc_incompatible,
cisplatin,qc_incompatible,
clidinium,invalid_smiles,"C[N+]12CCC(CC1)[C@@H](C2)OC(=O)C(O)(c1ccccc1)c1ccccc1 |&1:7,THB:9:7:2.3:5.6|"
clidinium,invalid_smiles,"C[N+]12CCC(CC1)[C@@H](C2)OC(=O)C(O)(c1ccccc1)c1ccccc1 |&1:7,THB:9:7:2.3:5.6|"
clidinium,invalid_smiles,"C[N+]12CCC(CC1)[C@@H](C2)OC(=O)C(O)(c1ccccc1)c1ccccc1 |&1:7,THB:9:7:2.3:5.6|"
clidinium,invalid_smiles,"C[N+]12CCC(CC1)[C@@H](C2)OC(=O)C(O)(c1ccccc1)c1ccccc1 |&1:7,THB:9:7:2.3:5.6|"
clodronic-acid,qc_incompatible,
clodronic-acid,qc_incompatible,
clodronic-acid,qc_incompatible,
clonixin-lysinate,qc_incompatible,
clonixin-lysinate,qc_incompatible,
clonixin-lysinate,qc_incompatible,
compound-58112,unsupported_docking_elements:Si,COc1cccc(CN2C[Si](C)(C)O[Si](C)(C)C2)c1
compound-58112,unsupported_docking_elements:Si,COc1cccc(CN2C[Si](C)(C)O[Si](C)(C)C2)c1
creatinol-phosphate,qc_incompatible,
creatinol-phosphate,qc_incompatible,
cromakalim,multi_fragment_structure,CC1(C)Oc2ccc(cc2[C@H]([C@@H]1O)N1CCCC1=O)C#N.CC1(C)Oc2ccc(cc2[C@@H]([C@H]1O)N1CCCC1=O)C#N
cromakalim,multi_fragment_structure,CC1(C)Oc2ccc(cc2[C@H]([C@@H]1O)N1CCCC1=O)C#N.CC1(C)Oc2ccc(cc2[C@@H]([C@H]1O)N1CCCC1=O)C#N
cyanocobalamin,unsupported_docking_elements:Co,"C[C@H](CNC(=O)CC[C@]1(C)[C@@H](CC(N)=O)[C@H]2N=C1\C(C)=C1/N=C(/C=C3\N=C(\C(\C)=C4\[C@@H](CCC(N)=O)[C@](C)(CC(N)=O)[C@@]2(C)N4[Co+]C#N)[C@@](C)(CC(N)=O)[C@@H]3CCC(N)=O)C(C)(C)[C@@H]1CCC(N)=O)O[P@@](O)(=O)O[C@@H]1[C@@H](CO)O[C@@H]([C@@H]1O)n1cnc2cc(C)c(C)cc12 |a:1,8,10,15,30,36,42,48,54,63,74,75,79,80,&1:70,c:16,20,24,t:22,26,29|"
cyanocobalamin,unsupported_docking_elements:Co,"C[C@H](CNC(=O)CC[C@]1(C)[C@@H](CC(N)=O)[C@H]2N=C1\C(C)=C1/N=C(/C=C3\N=C(\C(\C)=C4\[C@@H](CCC(N)=O)[C@](C)(CC(N)=O)[C@@]2(C)N4[Co+]C#N)[C@@](C)(CC(N)=O)[C@@H]3CCC(N)=O)C(C)(C)[C@@H]1CCC(N)=O)O[P@@](O)(=O)O[C@@H]1[C@@H](CO)O[C@@H]([C@@H]1O)n1cnc2cc(C)c(C)cc12 |a:1,8,10,15,30,36,42,48,54,63,74,75,79,80,&1:70,c:16,20,24,t:22,26,29|"
cyanocobalamin,unsupported_docking_elements:Co,"C[C@H](CNC(=O)CC[C@]1(C)[C@@H](CC(N)=O)[C@H]2N=C1\C(C)=C1/N=C(/C=C3\N=C(\C(\C)=C4\[C@@H](CCC(N)=O)[C@](C)(CC(N)=O)[C@@]2(C)N4[Co+]C#N)[C@@](C)(CC(N)=O)[C@@H]3CCC(N)=O)C(C)(C)[C@@H]1CCC(N)=O)O[P@@](O)(=O)O[C@@H]1[C@@H](CO)O[C@@H]([C@@H]1O)n1cnc2cc(C)c(C)cc12 |a:1,8,10,15,30,36,42,48,54,63,74,75,79,80,&1:70,c:16,20,24,t:22,26,29|"
cyanocobalamin,unsupported_docking_elements:Co,"C[C@H](CNC(=O)CC[C@]1(C)[C@@H](CC(N)=O)[C@H]2N=C1\C(C)=C1/N=C(/C=C3\N=C(\C(\C)=C4\[C@@H](CCC(N)=O)[C@](C)(CC(N)=O)[C@@]2(C)N4[Co+]C#N)[C@@](C)(CC(N)=O)[C@@H]3CCC(N)=O)C(C)(C)[C@@H]1CCC(N)=O)O[P@@](O)(=O)O[C@@H]1[C@@H](CO)O[C@@H]([C@@H]1O)n1cnc2cc(C)c(C)cc12 |a:1,8,10,15,30,36,42,48,54,63,74,75,79,80,&1:70,c:16,20,24,t:22,26,29|"
cyanocobalamin,unsupported_docking_elements:Co,"C[C@H](CNC(=O)CC[C@]1(C)[C@@H](CC(N)=O)[C@H]2N=C1\C(C)=C1/N=C(/C=C3\N=C(\C(\C)=C4\[C@@H](CCC(N)=O)[C@](C)(CC(N)=O)[C@@]2(C)N4[Co+]C#N)[C@@](C)(CC(N)=O)[C@@H]3CCC(N)=O)C(C)(C)[C@@H]1CCC(N)=O)O[P@@](O)(=O)O[C@@H]1[C@@H](CO)O[C@@H]([C@@H]1O)n1cnc2cc(C)c(C)cc12 |a:1,8,10,15,30,36,42,48,54,63,74,75,79,80,&1:70,c:16,20,24,t:22,26,29|"
cysteamine,qc_incompatible,
cysteamine,qc_incompatible,
D-7193,qc_incompatible,
"D,L-mevalonic-acid-lactone",qc_incompatible,
deferasirox-iron-chelate,unsupported_docking_elements:Fe,OC(=O)c1ccc(cc1)-n1nc-2nc1-c1ccccc1O[Fe]Oc1ccccc-21
deptropine,invalid_smiles,"CN1[C@H]2CC[C@@H]1C[C@@H](C2)OC1c2ccccc2CCc2ccccc12 |r,THB:0:1:3.4:6.7.8|"
dexfosfoserine,qc_incompatible,
dexfosfoserine,qc_incompatible,
dianhydrogalactitol,qc_incompatible,
dianhydrogalactitol,qc_incompatible,
dianhydrogalactitol,qc_incompatible,
dichloroacetate,qc_incompatible,
dichloroacetate,qc_incompatible,
dichloroacetate,qc_incompatible,
dichlorvos,qc_incompatible,
dichlorvos,qc_incompatible,
dicloralurea,qc_incompatible,
dicloralurea,qc_incompatible,
dihydrostreptomycin,multi_fragment_structure,CN[C@H]1[C@H](O)[C@@H](O)[C@H](CO)O[C@H]1O[C@H]1[C@H](O[C@@H]2[C@@H](O)[C@H](O)[C@@H](NC(N)=N)[C@H](O)[C@H]2NC(N)=N)O[C@@H](C)[C@]1(O)CO.CN[C@H]1[C@H](O)[C@@H](O)[C@H](CO)O[C@H]1O[C@H]1[C@H](O[C@@H]2[C@@H](O)[C@H](O)[C@@H](NC(N)=N)[C@H](O)[C@H]2NC(N)=N)O[C@@H](C)[C@]1(O)CO
dihydroxyacetone,qc_incompatible,
dimercaprol,qc_incompatible,
dimercaprol,qc_incompatible,
dimercaptosuccinic-acid,qc_incompatible,
dimercaptosuccinic-acid,qc_incompatible,
dimercaptosuccinic-acid,qc_incompatible,
dimercaptosuccinic-acid,qc_incompatible,
dimethicone,unsupported_docking_elements:Si,C[Si](C)(C)O[Si](C)(C)C
dipeptamin,qc_incompatible,
dipeptamin,qc_incompatible,
ditiocarb-sodium-trihydrate,qc_incompatible,
ditiocarb-sodium-trihydrate,qc_incompatible,
dixanthogen,qc_incompatible,
dixanthogen,qc_incompatible,
DMPS,qc_incompatible,
DMSO,multi_fragment_structure,CS(C)=O.CS(C)=O
doconexent-ethyl-ester,qc_incompatible,
docosanol,qc_incompatible,
docosanol,qc_incompatible,
docosanol,qc_incompatible,
docosanol,qc_incompatible,
enflurane,qc_incompatible,
enflurane,qc_incompatible,
enflurane,qc_incompatible,
epomediol,invalid_smiles,"CC1(C)OC2(C)[C@@H](O)C[C@H]1C[C@@H]2O |&1:11,&2:9,&3:6,r,THB:12:11:1.3:8.6,7:6:1.3:11.10|"
eribulin,invalid_smiles,"[H][C@@]12CC(=C)[C@]([H])(CC[C@@]3([H])C[C@@H](C)C(=C)[C@@]([H])(C[C@]4([H])O[C@H](C[C@H](O)CN)[C@H](OC)[C@@]4([H])CC(=O)C[C@@]4([H])CC[C@]5([H])O[C@@]6([H])[C@@]7([H])O[C@@]8(C[C@@]7([H])O[C@@]6([H])[C@@]([H])(O8)[C@@]5([H])O4)CC1)O3)O2 |THB:43:44:51.53:48.49.56.58,50:49:44:51.53,50:51:44:48.49.56.58,53:54:46.48.49.58:41.43.59,59:56:44:51.53|"
escitalopram,multi_fragment_structure,"OC(=O)C(O)=O.CN(C)CCC[C@]1(OCc2cc(ccc12)C#N)c1ccc(F)cc1 |&1:12,r|"
ethanolamine-oleate,qc_incompatible,
etidronic-acid,qc_incompatible,
etidronic-acid,qc_incompatible,
etidronic-acid,qc_incompatible,
etidronic-acid,qc_incompatible,
etidronic-acid,qc_incompatible,
EUK-134,qc_incompatible,
EUK-134,qc_incompatible,
EUK-134,qc_incompatible,
EUK-134,qc_incompatible,
ferroquine,unsupported_docking_elements:Fe,"CN(C)CC1=CC=C[C@@]1(CNc1ccnc2cc(Cl)ccc12)[Fe]C1C=CC=C1 |&1:8,r,c:6,27,29,t:4|"
flurothyl,qc_incompatible,
flurothyl,qc_incompatible,
flurothyl,qc_incompatible,
fluroxene,qc_incompatible,
fluroxene,qc_incompatible,
foscarnet,qc_incompatible,
foscarnet,qc_incompatible,
foscarnet,qc_incompatible,
foscarnet,qc_incompatible,
GABA-linoleamide,qc_incompatible,
gadobutrol,unsupported_docking_elements:Gd,"[H]O[C@@H](CO)[C@H](CO)N1CCN2CCN3CCN(CC1)CC(=O)O[Gd](OC(=O)C3)OC(=O)C2 |&1:2,5|"
gadodiamide,unsupported_docking_elements:Gd,CNC(=O)CN1CCN2CCN(CC(=O)NC)CC(=O)O[Gd](OC(=O)C1)OC(=O)C2
gadodiamide,unsupported_docking_elements:Gd,CNC(=O)CN1CCN2CCN(CC(=O)NC)CC(=O)O[Gd](OC(=O)C1)OC(=O)C2
gadopentetic-acid,unsupported_docking_elements:Gd,OC(=O)CN1CCN2CCN(CC(O)=O)CC(=O)O[Gd](OC(=O)C1)OC(=O)C2
gadoteridol,unsupported_docking_elements:Gd,"C[C@@H](O)CN1CCN2CCN3CCN(CC1)CC(=O)O[Gd](OC(=O)C2)OC(=O)C3 |&1:1,r|"
gadoteridol,qc_incompatible,
gallium-triquinolin-8-olate,qc_incompatible,
glutathione,qc_incompatible,
guanidinoethyldisulfide-bicarbonate,qc_incompatible,
halothane,qc_incompatible,
halothane,qc_incompatible,
hemin,unsupported_docking_elements:Fe,"CC1=C(CCC(O)=O)\C2=C\c3c(CCC(O)=O)c(C)c4\C=C5/N=C(/C=c6/c(C=C)c(C)\c(=C\C1=N2)n6[Fe](O)n34)C(C)=C5C=C |c:1,20,34,45,t:8,22,24,31|"
hemin,unsupported_docking_elements:Fe,"CC1=C(CCC(O)=O)\C2=C\c3c(CCC(O)=O)c(C)c4\C=C5/N=C(/C=c6/c(C=C)c(C)\c(=C\C1=N2)n6[Fe](O)n34)C(C)=C5C=C |c:1,20,34,45,t:8,22,24,31|"
hemin,unsupported_docking_elements:Fe,"CC1=C(CCC(O)=O)\C2=C\c3c(CCC(O)=O)c(C)c4\C=C5/N=C(/C=c6/c(C=C)c(C)\c(=C\C1=N2)n6[Fe](O)n34)C(C)=C5C=C |c:1,20,34,45,t:8,22,24,31|"
homatropine,invalid_smiles,"CN1[C@H]2CC[C@@H]1C[C@@H](C2)OC(=O)[C@@H](O)c1ccccc1 |a:2,5,7,&1:12,THB:9:7:1:3.4|"
homatropine,invalid_smiles,"CN1[C@H]2CC[C@@H]1C[C@@H](C2)OC(=O)[C@@H](O)c1ccccc1 |a:2,5,7,&1:12,THB:9:7:1:3.4|"
homatropine,invalid_smiles,"CN1[C@H]2CC[C@@H]1C[C@@H](C2)OC(=O)[C@@H](O)c1ccccc1 |a:2,5,7,&1:12,THB:9:7:1:3.4|"
homatropine,invalid_smiles,"CN1[C@H]2CC[C@@H]1C[C@@H](C2)OC(=O)[C@@H](O)c1ccccc1 |a:2,5,7,&1:12,THB:9:7:1:3.4|"
homatropine,invalid_smiles,"CN1[C@H]2CC[C@@H]1C[C@@H](C2)OC(=O)[C@@H](O)c1ccccc1 |a:2,5,7,&1:12,THB:9:7:1:3.4|"
homatropine-methylbromide,invalid_smiles,"C[N+]1(C)[C@H]2CC[C@@H]1C[C@@H](C2)OC(=O)[C@@H](O)c1ccccc1 |a:3,6,8,&1:13,THB:10:8:1:4.5|"
HQK-1001,qc_incompatible,
HQK-1001,qc_incompatible,
hydroxocobalamin,unsupported_docking_elements:Co,"[H]O[Co+]N1\C2=C(C)/C3=N/C(=C/C4=N/C(=C(C)\C5=N[C@@](C)([C@@]1([H])[C@H](CC(N)=O)[C@@]2(C)CCC(=O)NC[C@@H](C)OP(O)(=O)O[C@@H]1[C@@H](CO)O[C@@H]([C@@H]1O)n1cnc2cc(C)c(C)cc12)[C@@](C)(CC(N)=O)[C@@H]5CCC(N)=O)/[C@@](C)(CC(N)=O)[C@@H]4CCC(N)=O)/C(C)(C)[C@@H]3CCC(N)=O |r,t:4,7,9,11,13,16|"
ibandronate,qc_incompatible,
ibandronate,qc_incompatible,
ibandronate,qc_incompatible,
ibandronate,qc_incompatible,
ibuprofen-lysine,multi_fragment_structure,"NCCCC[C@H](N)C(O)=O.CC(C)Cc1ccc(cc1)[C@@H](C)C(O)=O |a:5,&1:20|"
ibuprofen-lysine,multi_fragment_structure,"NCCCC[C@H](N)C(O)=O.CC(C)Cc1ccc(cc1)[C@@H](C)C(O)=O |a:5,&1:20|"
ibuprofen-lysine,multi_fragment_structure,"NCCCC[C@H](N)C(O)=O.CC(C)Cc1ccc(cc1)[C@@H](C)C(O)=O |a:5,&1:20|"
ibuprofen-lysine,multi_fragment_structure,"NCCCC[C@H](N)C(O)=O.CC(C)Cc1ccc(cc1)[C@@H](C)C(O)=O |a:5,&1:20|"
imisopasem-manganese,unsupported_docking_elements:Mn,[H][C@@]12CCCC[C@@]1([H])N1Cc3cccc(CN4[C@]5([H])CCCC[C@@]5([H])N5CCN2[Mn]145(Cl)Cl)n3
indium-tri(2-propanolate),unsupported_docking_elements:In,CC(C)O[In](OC(C)C)OC(C)C
indium(III)-isopropoxide,qc_incompatible,
ipratropium,invalid_smiles,"CC(C)[N@@+]1(C)[C@H]2CC[C@@H]1C[C@@H](C2)OC(=O)[C@@H](CO)c1ccccc1 |a:5,8,10,&1:3,&2:15,TLB:4:3:6.7:9.10.11,THB:1:3:6.7:9.10.11,12:10:3:6.7|"
isobutyramide,qc_incompatible,
isoflurane,qc_incompatible,
isoflurane,qc_incompatible,
isoflurophate,qc_incompatible,
isoflurophate,qc_incompatible,
isoflurophate,qc_incompatible,
isopropyl-myristate,qc_incompatible,
isopropyl-myristate,qc_incompatible,
isopropyl-myristate,qc_incompatible,
isopropyl-palmitate,qc_incompatible,
isopropyl-palmitate,qc_incompatible,
karenitecin,unsupported_docking_elements:Si,CC[C@@]1(O)C(=O)OCc2c1cc1-c3nc4ccccc4c(CC[Si](C)(C)C)c3Cn1c2=O
L-alanine,qc_incompatible,
L-cysteinesulfinic-acid,qc_incompatible,
L-cysteinesulfinic-acid,qc_incompatible,
L-hydroxyproline,qc_incompatible,
lasofoxifene,multi_fragment_structure,O[C@@H]([C@H](O)C(O)=O)C(O)=O.Oc1ccc2[C@H]([C@H](CCc2c1)c1ccccc1)c1ccc(OCCN2CCCC2)cc1
lasofoxifene,multi_fragment_structure,O[C@@H]([C@H](O)C(O)=O)C(O)=O.Oc1ccc2[C@H]([C@H](CCc2c1)c1ccccc1)c1ccc(OCCN2CCCC2)cc1
lindane,qc_incompatible,
lindane,qc_incompatible,
lithium-acetoacetate,qc_incompatible,
lithium-citrate,qc_incompatible,
lithium-citrate,qc_incompatible,
lithium-citrate,qc_incompatible,
lithium-citrate,qc_incompatible,
lurbinectedin,invalid_smiles,[H][C@@]12Cc3cc(C)c(OC)c(O)c3[C@@]([H])(N1C)[C@@]1([H])N([C@H]2O)[C@@]2([H])COC(=O)[C@]3(CS[C@]1([H])c1c(OC(C)=O)c(C)c4OCOc4c21)NCCc1c3[nH]c2ccc(OC)cc12 |THB:16:15:2.3.12:20.19.17|
lycopene,qc_incompatible,
methoxyflurane,qc_incompatible,
M-14157,qc_incompatible,
malic-acid,qc_incompatible,
malic-acid,qc_incompatible,
mangafodipir,unsupported_docking_elements:Mn,Cc1nc(COP(O)(O)=O)cc2CN(CC(O)=O)CCN(CC(O)=O)Cc3cc(COP(O)(O)=O)nc(C)c3O[Mn]Oc12
mangafodipir,qc_incompatible,
mangafodipir,qc_incompatible,
meglutol,qc_incompatible,
meparfylon,qc_incompatible,
merbromin,qc_incompatible,
methanesulfonyl-fluoride,qc_incompatible,
methanesulfonyl-fluoride,qc_incompatible,
methoxyamine,qc_incompatible,
methoxyflurane,qc_incompatible,
methoxyflurane,qc_incompatible,
methoxyflurane,qc_incompatible,
methoxyflurane,qc_incompatible,
methyl-aminolevulinate,qc_incompatible,
methylcobalamin,unsupported_docking_elements:Co,"[H][C@]1(CO)O[C@]([H])(n2cnc3cc(C)c(C)cc23)[C@]([H])(O)[C@]1([H])OP(O)(=O)O[C@H](C)CNC(=O)CC[C@@]1(C)\C2=C(C)\C3=N\C(=C\C4=N\C(=C(C)/C5=N[C@@](C)([C@@]([H])(N2[Co+]C)[C@]1([H])CC(N)=O)[C@@](C)(CC(N)=O)[C@]5([H])CCC(N)=O)\[C@@](C)(CC(N)=O)[C@]4([H])CCC(N)=O)\C(C)(C)[C@]3([H])CCC(N)=O |c:41,t:44,46,48,50,53|"
miriplatin,multi_fragment_structure,"[Pt++].N[C@H]1CCCC[C@@H]1N.CCCCCCCCCCCCCC(O)=O.CCCCCCCCCCCCCC(O)=O |&1:2,&2:7,r|"
miriplatin,qc_incompatible,
mitotane,qc_incompatible,
mitotane,qc_incompatible,
mitotane,qc_incompatible,
mitotane,qc_incompatible,
mitotane,qc_incompatible,
MRS-3777,multi_fragment_structure,C1CCC(CC1)Nc1nc(Oc2ccccc2)nc2nc[nH]c12.C1CCC(CC1)Nc1nc(Oc2ccccc2)nc2nc[nH]c12
MRS-3777,multi_fragment_structure,C1CCC(CC1)Nc1nc(Oc2ccccc2)nc2nc[nH]c12.C1CCC(CC1)Nc1nc(Oc2ccccc2)nc2nc[nH]c12
MRS-3777,multi_fragment_structure,C1CCC(CC1)Nc1nc(Oc2ccccc2)nc2nc[nH]c12.C1CCC(CC1)Nc1nc(Oc2ccccc2)nc2nc[nH]c12
N-methylformamide,qc_incompatible,
nedaplatin,qc_incompatible,
nedaplatin,qc_incompatible,
nedaplatin,qc_incompatible,
neridronic-acid,qc_incompatible,
neridronic-acid,qc_incompatible,
neridronic-acid,qc_incompatible,
nitarsone,unsupported_docking_elements:As,O[As](O)(=O)c1ccc(cc1)[N+]([O-])=O
nitarsone,unsupported_docking_elements:As,O[As](O)(=O)c1ccc(cc1)[N+]([O-])=O
nitarsone,unsupported_docking_elements:As,O[As](O)(=O)c1ccc(cc1)[N+]([O-])=O
NKP-1339,unsupported_docking_elements:Ru,Cl[Ru+3](Cl)(Cl)(Cl)([n+]1cc2ccccc2[nH]1)[n+]1cc2ccccc2[nH]1
NKP-1339,unsupported_docking_elements:Ru,Cl[Ru+3](Cl)(Cl)(Cl)([n+]1cc2ccccc2[nH]1)[n+]1cc2ccccc2[nH]1
octadecan-1-ol,qc_incompatible,
octamethyltrisiloxane,unsupported_docking_elements:Si,C[Si](C)(C)O[Si](C)(C)O[Si](C)(C)C
omeprazole-magnesium,unsupported_docking_elements:Mg,COc1ccc2n([Mg]n3c(nc4cc(OC)ccc34)[S@@](=O)Cc3ncc(C)c(OC)c3C)c(nc2c1)[S@@](=O)Cc1ncc(C)c(OC)c1C |r|
ornithine,multi_fragment_structure,"Cl.NCCC[C@@H](N)C(O)=O |&1:5,r|"
oxaliplatin,unsupported_docking_elements:Pt,O=C1O[Pt]2(N[C@@H]3CCCC[C@H]3N2)OC1=O
oxaliplatin,unsupported_docking_elements:Pt,O=C1O[Pt]2(N[C@@H]3CCCC[C@H]3N2)OC1=O
oxaliplatin,unsupported_docking_elements:Pt,O=C1O[Pt]2(N[C@@H]3CCCC[C@H]3N2)OC1=O
oxaliplatin,unsupported_docking_elements:Pt,O=C1O[Pt]2(N[C@@H]3CCCC[C@H]3N2)OC1=O
oxaliplatin,unsupported_docking_elements:Pt,O=C1O[Pt]2(N[C@@H]3CCCC[C@H]3N2)OC1=O
oxaliplatin,unsupported_docking_elements:Pt,O=C1O[Pt]2(N[C@@H]3CCCC[C@H]3N2)OC1=O
oxaliplatin,unsupported_docking_elements:Pt,O=C1O[Pt]2(N[C@@H]3CCCC[C@H]3N2)OC1=O
oxaliplatin,unsupported_docking_elements:Pt,O=C1O[Pt]2(N[C@@H]3CCCC[C@H]3N2)OC1=O
oxaloacetate,qc_incompatible,
oxaloacetate,qc_incompatible,
PACOCF3,qc_incompatible,
PACOCF3,qc_incompatible,
PACOCF3,qc_incompatible,
palifosfamide,qc_incompatible,
pamabrom,qc_incompatible,
pamabrom,qc_incompatible,
pamidronate,qc_incompatible,
pamidronate,qc_incompatible,
penicillamine-(D),qc_incompatible,
penicillamine-(D),qc_incompatible,
penicillamine-(D),qc_incompatible,
perfluamine,qc_incompatible,
perflubron,qc_incompatible,
perflubron,qc_incompatible,
perillyl-alcohol,qc_incompatible,
perillyl-alcohol,qc_incompatible,
perillyl-alcohol,qc_incompatible,
perillyl-alcohol,qc_incompatible,
phenylmercuric-acetate,qc_incompatible,
phenylmercuric-acetate,qc_incompatible,
phenylmercuric-acetate,qc_incompatible,
phenylmercuric-acetate,qc_incompatible,
phenylmethylsulfonyl-fluoride,qc_incompatible,
phenylmethylsulfonyl-fluoride,qc_incompatible,
phenylmethylsulfonyl-fluoride,qc_incompatible,
phenylmethylsulfonyl-fluoride,qc_incompatible,
phosphatidylcholine,qc_incompatible,
phosphatidylcholine,qc_incompatible,
phosphatidylcholine,qc_incompatible,
PMPA,qc_incompatible,
PMPA,qc_incompatible,
PMPA,qc_incompatible,
polaprezinc,unsupported_docking_elements:Zn,O=C1CCN[Zn]OC(=O)[C@H](Cc2cnc[nH]2)N1
potassium-iodide,qc_incompatible,
potassium-iodide,qc_incompatible,
propagermanium,qc_incompatible,
propylene-glycol,qc_incompatible,
PSB-36,invalid_smiles,"[H][C@]12C[C@H]3C[C@]([H])(C[C@]3(C1)c1nc3n(CCCO)c(=O)n(CCCC)c(=O)c3[nH]1)C2 |r,THB:9:1:4:7.8|"
putrescine,qc_incompatible,
pyrithione-zinc,qc_incompatible,
pyrithione-zinc,qc_incompatible,
pyrithione-zinc,qc_incompatible,
pyrithione-zinc,qc_incompatible,
pyrithione-zinc,qc_incompatible,
pyrithione-zinc,qc_incompatible,
riodoxol,qc_incompatible,
riodoxol,qc_incompatible,
riodoxol,qc_incompatible,
risedronate,qc_incompatible,
risedronate,qc_incompatible,
risedronate,qc_incompatible,
risedronate,qc_incompatible,
risedronate,qc_incompatible,
roxarsone,unsupported_docking_elements:As,Oc1ccc(cc1[N+]([O-])=O)[As](O)(O)=O
roxarsone,unsupported_docking_elements:As,Oc1ccc(cc1[N+]([O-])=O)[As](O)(O)=O
roxarsone,unsupported_docking_elements:As,Oc1ccc(cc1[N+]([O-])=O)[As](O)(O)=O
S-methylcysteine,qc_incompatible,
S-methylcysteine,qc_incompatible,
S-methylcysteine,qc_incompatible,
satraplatin,qc_incompatible,
satraplatin,qc_incompatible,
SCMC-Lys,qc_incompatible,
SCMC-Lys,qc_incompatible,
scopolamine-N-oxide,invalid_smiles,"C[N@@+]1([O-])[C@H]2C[C@@H](C[C@@H]1[C@H]1O[C@@H]21)OC(=O)[C@H](CO)c1ccccc1 |a:3,5,7,8,10,14,&1:1,TLB:0:1:4.5.6:8.10,THB:2:1:4.5.6:8.10,9:8:1:4.5.6,9:10:1:4.5.6,11:5:1:8.10|"
scopolamine-N-oxide,invalid_smiles,"C[N@@+]1([O-])[C@H]2C[C@@H](C[C@@H]1[C@H]1O[C@@H]21)OC(=O)[C@H](CO)c1ccccc1 |a:3,5,7,8,10,14,&1:1,TLB:0:1:4.5.6:8.10,THB:2:1:4.5.6:8.10,9:8:1:4.5.6,9:10:1:4.5.6,11:5:1:8.10|"
SDM25N,invalid_smiles,"CC(=C)CN1CC[C@@]23[C@H]4Oc5c2c(C[C@@H]1[C@]3(O)Cc1c4[nH]c2ccccc12)ccc5O |a:7,8,15,&1:14,TLB:17:15:4.5.6:11.12.13,THB:16:15:4.5.6:11.12.13|"
SDM25N,invalid_smiles,"CC(=C)CN1CC[C@@]23[C@H]4Oc5c2c(C[C@@H]1[C@]3(O)Cc1c4[nH]c2ccccc12)ccc5O |a:7,8,15,&1:14,TLB:17:15:4.5.6:11.12.13,THB:16:15:4.5.6:11.12.13|"
SDM25N,invalid_smiles,"CC(=C)CN1CC[C@@]23[C@H]4Oc5c2c(C[C@@H]1[C@]3(O)Cc1c4[nH]c2ccccc12)ccc5O |a:7,8,15,&1:14,TLB:17:15:4.5.6:11.12.13,THB:16:15:4.5.6:11.12.13|"
SDM25N,invalid_smiles,"CC(=C)CN1CC[C@@]23[C@H]4Oc5c2c(C[C@@H]1[C@]3(O)Cc1c4[nH]c2ccccc12)ccc5O |a:7,8,15,&1:14,TLB:17:15:4.5.6:11.12.13,THB:16:15:4.5.6:11.12.13|"
SDM25N,invalid_smiles,"CC(=C)CN1CC[C@@]23[C@H]4Oc5c2c(C[C@@H]1[C@]3(O)Cc1c4[nH]c2ccccc12)ccc5O |a:7,8,15,&1:14,TLB:17:15:4.5.6:11.12.13,THB:16:15:4.5.6:11.12.13|"
Se-methylselenocysteine,qc_incompatible,
Se-methylselenocysteine,qc_incompatible,
selenomethionine,qc_incompatible,
selenomethionine,qc_incompatible,
sevoflurane,qc_incompatible,
sevoflurane,qc_incompatible,
silver-sulfadiazine,qc_incompatible,
silver-sulfadiazine,qc_incompatible,
silver-sulfadiazine,unsupported_docking_elements:Ag,Nc1ccc(cc1)S(=O)(=O)N([Ag])c1ncccn1
SNAP,qc_incompatible,
SNAP,qc_incompatible,
sodium-ascorbate,qc_incompatible,
sodium-ascorbate,qc_incompatible,
sodium-butyrate,qc_incompatible,
sodium-butyrate,qc_incompatible,
sodium-butyrate,qc_incompatible,
sodium-dodecyl-sulfate,qc_incompatible,
sodium-dodecyl-sulfate,qc_incompatible,
sodium-gluconate,qc_incompatible,
sodium-gluconate,qc_incompatible,
sodium-monofluorophosphate,qc_incompatible,
sodium-monofluorophosphate,qc_incompatible,
sodium-monofluorophosphate,qc_incompatible,
sodium-nitrite,qc_incompatible,
sodium-nitrite,qc_incompatible,
sodium-nitroprusside,unsupported_docking_elements:Fe,[O-][N+][Fe--](C#N)(C#N)(C#N)(C#N)C#N
sodium-nitroprusside,unsupported_docking_elements:Fe,[O-][N+][Fe--](C#N)(C#N)(C#N)(C#N)C#N
sodium-orthovanadate,qc_incompatible,
sodium-orthovanadate,qc_incompatible,
sodium-stibogluconate,unsupported_docking_elements:Sb,[H][C@@]1(O[Sb]2(O)(O[Sb]34(O)O[C@H]([C@@H](O3)[C@]([H])(O4)[C@H](O)CO)C(O)=O)O[C@H]([C@H]1O2)C(O)=O)[C@H](O)CO
strontium-ranelate,qc_incompatible,
strontium-ranelate,qc_incompatible,
strontium-ranelate,unsupported_docking_elements:Sr,OC1=CN(C=C(O)O[Sr]O1)c1sc2c(CC(=O)O[Sr]OC2=O)c1C#N
strontium-ranelate,unsupported_docking_elements:Sr,OC1=CN(C=C(O)O[Sr]O1)c1sc2c(CC(=O)O[Sr]OC2=O)c1C#N
sucralfate,multi_fragment_structure,O[Al](O)O.O[Al](O)O.O[Al](O)O.O[Al](O)O.O[Al](O)O.O[Al](O)O.O[Al](O)O.O[Al](O)O.O[Al](O)OS(=O)(=O)OC[C@H]1O[C@@](COS(=O)(=O)O[Al](O)O)(O[C@H]2O[C@H](COS(=O)(=O)O[Al](O)O)[C@@H](OS(=O)(=O)O[Al](O)O)[C@H](OS(=O)(=O)O[Al](O)O)[C@H]2OS(=O)(=O)O[Al](O)O)[C@@H](OS(=O)(=O)O[Al](O)O)[C@@H]1OS(=O)(=O)O[Al](O)O
sucralfate,multi_fragment_structure,O[Al](O)O.O[Al](O)O.O[Al](O)O.O[Al](O)O.O[Al](O)O.O[Al](O)O.O[Al](O)O.O[Al](O)O.O[Al](O)OS(=O)(=O)OC[C@H]1O[C@@](COS(=O)(=O)O[Al](O)O)(O[C@H]2O[C@H](COS(=O)(=O)O[Al](O)O)[C@@H](OS(=O)(=O)O[Al](O)O)[C@H](OS(=O)(=O)O[Al](O)O)[C@H]2OS(=O)(=O)O[Al](O)O)[C@@H](OS(=O)(=O)O[Al](O)O)[C@@H]1OS(=O)(=O)O[Al](O)O
sulfanilate-zinc,unsupported_docking_elements:Zn,Nc1ccc(cc1)S(=O)(=O)O[Zn]OS(=O)(=O)c1ccc(N)cc1
SYM-2081,qc_incompatible,
SYM-2081,qc_incompatible,
tartaric-acid,qc_incompatible,
tartaric-acid,qc_incompatible,
TBOA-(DL),multi_fragment_structure,N[C@@H]([C@H](OCc1ccccc1)C(O)=O)C(O)=O.N[C@H]([C@@H](OCc1ccccc1)C(O)=O)C(O)=O
TBOA-(DL),multi_fragment_structure,N[C@@H]([C@H](OCc1ccccc1)C(O)=O)C(O)=O.N[C@H]([C@@H](OCc1ccccc1)C(O)=O)C(O)=O
TBOA-(DL),multi_fragment_structure,N[C@@H]([C@H](OCc1ccccc1)C(O)=O)C(O)=O.N[C@H]([C@@H](OCc1ccccc1)C(O)=O)C(O)=O
TBOA-(DL),multi_fragment_structure,N[C@@H]([C@H](OCc1ccccc1)C(O)=O)C(O)=O.N[C@H]([C@@H](OCc1ccccc1)C(O)=O)C(O)=O
TBOA-(DL),multi_fragment_structure,N[C@@H]([C@H](OCc1ccccc1)C(O)=O)C(O)=O.N[C@H]([C@@H](OCc1ccccc1)C(O)=O)C(O)=O
thiomersal,unsupported_docking_elements:Hg,CC[Hg]Sc1ccccc1C(O)=O
thiomersal,unsupported_docking_elements:Hg,CC[Hg]Sc1ccccc1C(O)=O
thiomersal,unsupported_docking_elements:Hg,CC[Hg]Sc1ccccc1C(O)=O
thiomersal,unsupported_docking_elements:Hg,CC[Hg]Sc1ccccc1C(O)=O
thiomersal,unsupported_docking_elements:Hg,CC[Hg]Sc1ccccc1C(O)=O
thiomersal,unsupported_docking_elements:Hg,CC[Hg]Sc1ccccc1C(O)=O
thiomersal,unsupported_docking_elements:Hg,CC[Hg]Sc1ccccc1C(O)=O
thiomersal,unsupported_docking_elements:Hg,CC[Hg]Sc1ccccc1C(O)=O
threo-2-methylisocitrate-(DL),multi_fragment_structure,"[NaH].[NaH].[NaH].[NaH].[NaH].[NaH].CC(O)([C@@H](CC(O)=O)C(O)=O)C(O)=O.CC(O)([C@H](CC(O)=O)C(O)=O)C(O)=O |a:9,23,&1:7,&2:21|"
threo-2-methylisocitrate-(DL),multi_fragment_structure,"[NaH].[NaH].[NaH].[NaH].[NaH].[NaH].CC(O)([C@@H](CC(O)=O)C(O)=O)C(O)=O.CC(O)([C@H](CC(O)=O)C(O)=O)C(O)=O |a:9,23,&1:7,&2:21|"
titanocene-dichloride,unsupported_docking_elements:Ti,"Cl[Ti](Cl)(C1C=CC=C1)C1C=CC=C1 |c:4,6,10,12|"
titanocene-dichloride,unsupported_docking_elements:Ti,"Cl[Ti](Cl)(C1C=CC=C1)C1C=CC=C1 |c:4,6,10,12|"
trabectedin,invalid_smiles,[H][C@@]12Cc3cc(C)c(OC)c(O)c3[C@@]([H])(N1C)[C@@]1([H])N([C@H]2O)[C@@]2([H])COC(=O)[C@]3(CS[C@]1([H])c1c(OC(C)=O)c(C)c4OCOc4c21)NCCc1cc(O)c(OC)cc31 |THB:16:15:2.3.12:17.19.20|
trans-4-hydroxycrotonic-acid,qc_incompatible,
trans-4-hydroxycrotonic-acid,qc_incompatible,
tribromoethanol,qc_incompatible,
tribromoethanol,qc_incompatible,
trichloroacetic-acid,qc_incompatible,
trichloroacetic-acid,qc_incompatible,
trichloroacetic-acid,qc_incompatible,
trichloroethylene,qc_incompatible,
trichloroethylene,qc_incompatible,
UB-165,invalid_smiles,"Clc1ccc(cn1)C1=CCC[C@H]2CC[C@@H]1N2 |&1:11,&2:14,t:8,THB:4:7:12.13:15|"
UB-165,invalid_smiles,"Clc1ccc(cn1)C1=CCC[C@H]2CC[C@@H]1N2 |&1:11,&2:14,t:8,THB:4:7:12.13:15|"
UB-165,invalid_smiles,"Clc1ccc(cn1)C1=CCC[C@H]2CC[C@@H]1N2 |&1:11,&2:14,t:8,THB:4:7:12.13:15|"
undecylenic-acid,qc_incompatible,
undecylenic-acid,qc_incompatible,
urethane,qc_incompatible,
urethane,qc_incompatible,
vitamin-B12,unsupported_docking_elements:Co,"C[C@H](CNC(=O)CC[C@]1(C)[C@@H](CC(N)=O)[C@H]2N=C1\C(C)=C1/N=C(/C=C3\N=C(\C(\C)=C4\[C@@H](CCC(N)=O)[C@](C)(CC(N)=O)[C@@]2(C)N4[Co+]C#N)[C@@](C)(CC(N)=O)[C@@H]3CCC(N)=O)C(C)(C)[C@@H]1CCC(N)=O)OP(O)(=O)O[C@@H]1[C@@H](CO)O[C@@H]([C@@H]1O)n1cnc2cc(C)c(C)cc12 |c:16,20,24,t:22,26,29|"
zacopride,invalid_smiles,"COc1cc(N)c(Cl)cc1C(=O)N[C@H]1CN2CCC1CC2 |&1:13,THB:12:13:16.17:19.20|"
zacopride,invalid_smiles,"COc1cc(N)c(Cl)cc1C(=O)N[C@H]1CN2CCC1CC2 |&1:13,THB:12:13:16.17:19.20|"
ZAMI-633,qc_incompatible,
ZAPA,qc_incompatible,
ZAPA,qc_incompatible,
zinc-undecylenate,qc_incompatible,
zinc-undecylenate,qc_incompatible,
zoledronic-acid,qc_incompatible,
zoledronic-acid,qc_incompatible,
zoledronic-acid,qc_incompatible,
