library_id,name,pert_iname,smiles,canonical_smiles,inchikey,mw,clogp,tpsa,hbd,hba,rotatable_bonds,clinical_phase,moa,indication,dedupe_key,clinical_rank,bms_inclusion_mode
LIB100_0001,altretamine,altretamine,CN(C)c1nc(nc(n1)N(C)C)N(C)C,CN(C)c1nc(N(C)C)nc(N(C)C)n1,UUVWYPNAQBNQJQ-UHFFFAOYSA-N,210.285,0.0696,48.39,0,6,3,Launched,DNA synthesis inhibitor,ovarian cancer,UUVWYPNAQBNQJQ-UHFFFAOYSA-N,0,
LIB100_0002,bendroflumethiazide,bendroflumethiazide,"NS(=O)(=O)c1cc2c(N[C@@H](Cc3ccccc3)NS2(=O)=O)cc1C(F)(F)F |&1:9,r|",NS(=O)(=O)c1cc2c(cc1C(F)(F)F)N[C@@H](Cc1ccccc1)NS2(=O)=O,HDWIHXWEUNVBIY-CQSZACIVSA-N,421.422,1.6254,118.36,3,5,3,Launched,sodium/potassium/chloride transporter inhibitor,hypertension,HDWIHXWEUNVBIY-CQSZACIVSA-N,0,
LIB100_0003,biapenem,biapenem,"C[C@@H](O)[C@@H]1[C@H]2[C@@H](C)C(SC3Cn4cnc[n+]4C3)=C(N2C1=O)C(O)=O |a:1,3,4,5,&1:9,c:18|",C[C@@H](O)[C@H]1C(=O)N2C(C(=O)O)=C(SC3Cn4cnc[n+]4C3)[C@H](C)[C@H]12,MRMBZHPJVKCOMA-YJFSRANCSA-O,351.408,-0.5603,99.54,2,6,4,Launched,bacterial cell wall synthesis inhibitor,bacterial septicemia|pneumonia|urinary tract infections,MRMBZHPJVKCOMA-YJFSRANCSA-O,0,
LIB100_0004,cetrimonium,cetrimonium,CCCCCCCCCCCCCCCC[N+](C)(C)C,CCCCCCCCCCCCCCCC[N+](C)(C)C,RLGQACBPNDBWTB-UHFFFAOYSA-N,284.552,6.1739,0.0,0,0,15,Launched,,cosmetic,RLGQACBPNDBWTB-UHFFFAOYSA-N,0,
LIB100_0005,cyclophosphamide,cyclophosphamide,ClCCN(CCCl)[P@@]1(=O)NCCCO1 |r|,O=[P@]1(N(CCCl)CCCl)NCCCO1,CMSMOCZEIVJLDB-CQSZACIVSA-N,261.089,1.884,41.57,1,2,5,Launched,DNA alkylating agent,Hodgkin's lymphoma|small lymphocytic lymphoma (SLL)|breast cancer|neuroblastoma|Burkitt's lymphoma|multiple myeloma|chronic lymphocytic leukemia (CLL)|acute myeloid leukemia (AML)|acute lymphoblastic leukemia (ALL)|chronic myeloid leukemia (CML)|true histiocytic lymphoma (THL)|retinoblastoma|ovarian cancer,CMSMOCZEIVJLDB-CQSZACIVSA-N,0,
LIB100_0006,dihydroartemisinin,dihydroartemisinin,C[C@@H]1CC[C@H]2[C@@H](C)[C@@H](O)O[C@@H]3O[C@@]4(C)CC[C@@H]1[C@@]23OO4,C[C@H]1[C@@H](O)O[C@@H]2O[C@@]3(C)CC[C@H]4[C@H](C)CC[C@@H]1[C@@]24OO3,BJDCWCLMFKKGEE-ISOSDAIHSA-N,284.352,2.1867,57.15,1,5,0,Launched,antimalarial agent,malaria,BJDCWCLMFKKGEE-ISOSDAIHSA-N,0,
LIB100_0007,diphemanil,diphemanil,C[N+]1(C)CCC(CC1)=C(c1ccccc1)c1ccccc1,C[N+]1(C)CCC(=C(c2ccccc2)c2ccccc2)CC1,LCTZPQRFOZKZNK-UHFFFAOYSA-N,278.419,4.3587,0.0,0,0,2,Launched,acetylcholine receptor antagonist,spasms,LCTZPQRFOZKZNK-UHFFFAOYSA-N,0,
LIB100_0008,disulfiram,disulfiram,CCN(CC)C(=S)SSC(=S)N(CC)CC,CCN(CC)C(=S)SSC(=S)N(CC)CC,AUZONCFQVSMFAP-UHFFFAOYSA-N,296.552,3.6212,6.48,0,4,4,Launched,aldehyde dehydrogenase inhibitor|DNA methyltransferase inhibitor|TRPV agonist,abstinence from alcohol,AUZONCFQVSMFAP-UHFFFAOYSA-N,0,
LIB100_0009,epinastine,epinastine,"NC1=NC[C@H]2N1c1ccccc1Cc1ccccc21 |&1:4,t:1|",NC1=NC[C@@H]2c3ccccc3Cc3ccccc3N12,WHWZLSFABNNENI-OAHLLOKOSA-N,249.317,2.4668,41.62,1,3,0,Launched,histamine receptor antagonist,conjunctivitis,WHWZLSFABNNENI-OAHLLOKOSA-N,0,
LIB100_0010,gemigliptin,gemigliptin,N[C@H](CN1CC(F)(F)CCC1=O)CC(=O)N1CCc2c(C1)nc(nc2C(F)(F)F)C(F)(F)F,N[C@@H](CC(=O)N1CCc2c(nc(C(F)(F)F)nc2C(F)(F)F)C1)CN1CC(F)(F)CCC1=O,ZWPRRQZNBDYKLH-VIFPVBQESA-N,489.367,2.374,92.42,1,5,4,Launched,dipeptidyl peptidase inhibitor,,ZWPRRQZNBDYKLH-VIFPVBQESA-N,0,
LIB100_0011,halobetasol-propionate,halobetasol-propionate,"CCC(=O)O[C@@]1([C@@H](C)C[C@H]2[C@@H]3C[C@H](F)C4=CC(=O)C=C[C@]4(C)[C@@]3(F)[C@@H](O)C[C@]12C)C(=O)CCl |c:18,t:14|",CCC(=O)O[C@]1(C(=O)CCl)[C@@H](C)C[C@H]2[C@@H]3C[C@H](F)C4=CC(=O)C=C[C@]4(C)[C@@]3(F)[C@@H](O)C[C@@]21C,BDSYKGHYMJNPAB-LICBFIPMSA-N,484.967,4.0511,80.67,1,5,4,Launched,glucocorticoid receptor agonist,corticosteroid-responsive dermatoses,BDSYKGHYMJNPAB-LICBFIPMSA-N,0,
LIB100_0012,lindane,lindane,Cl[C@H]1[C@H](Cl)[C@@H](Cl)[C@@H](Cl)[C@H](Cl)[C@H]1Cl,Cl[C@H]1[C@H](Cl)[C@@H](Cl)[C@@H](Cl)[C@H](Cl)[C@H]1Cl,JLYXXMFPNIAWKQ-GNIYUCBRSA-N,290.832,3.6444,0.0,0,0,0,Launched,,scabies,JLYXXMFPNIAWKQ-GNIYUCBRSA-N,0,
LIB100_0013,meclocycline-sulfosalicylate,meclocycline-sulfosalicylate,"CN(C)[C@H]1[C@@H]2[C@@H](O)[C@@H]3C(=C)c4c(Cl)ccc(O)c4C(=O)C3=C(O)[C@]2(O)C(O)=C(C(N)=O)C1=O |a:3,4,5,7,23,&1:20,&2:27,t:22,29|",C=C1c2c(Cl)ccc(O)c2C(=O)C2=C(O)[C@]3(O)C(O)=C(C(N)=O)C(=O)[C@@H](N(C)C)[C@@H]3[C@@H](O)[C@H]12,MEFKOOXNVFALTA-IWVLMIASSA-N,476.869,0.2155,181.62,6,9,2,Launched,bacterial 50S ribosomal subunit inhibitor,acne vulgaris (AV)|skin infections,MEFKOOXNVFALTA-IWVLMIASSA-N,0,
LIB100_0014,metrizoic-acid,metrizoic-acid,CN(C(C)=O)c1c(I)c(NC(C)=O)c(I)c(C(O)=O)c1I,CC(=O)Nc1c(I)c(C(=O)O)c(I)c(N(C)C(C)=O)c1I,GGGDNPWHMNJRFN-UHFFFAOYSA-N,627.942,3.1397,86.71,2,3,3,Launched,radiopaque medium,contrast agent,GGGDNPWHMNJRFN-UHFFFAOYSA-N,0,
LIB100_0015,obidoxime,obidoxime,O\N=C\c1cc[n+](COC[n+]2ccc(\C=N\O)cc2)cc1,O/N=C/c1cc[n+](COC[n+]2ccc(/C=N/O)cc2)cc1,HIGRLDNHDGYWQJ-UHFFFAOYSA-P,288.307,0.5096,82.17,2,5,6,Launched,cholinesterase reactivator,poison antidote|nerve gas poisoning,HIGRLDNHDGYWQJ-UHFFFAOYSA-P,0,
LIB100_0016,omega-3-acid-esters,omega-3-acid-esters,CCOC(=O)CCC\C=C/C\C=C/C\C=C/C\C=C/C\C=C/CC,CC/C=C\C/C=C\C/C=C\C/C=C\C/C=C\CCCC(=O)OCC,SSQPWTVBQMWLSZ-AAQCHOMXSA-N,330.512,6.4712,26.3,0,2,14,Launched,cholesterol inhibitor,,SSQPWTVBQMWLSZ-AAQCHOMXSA-N,0,
LIB100_0017,peramivir,peramivir,CCC(CC)[C@H](NC(C)=O)[C@@H]1[C@H](O)[C@H](C[C@H]1NC(N)=N)C(O)=O,CCC(CC)[C@H](NC(C)=O)[C@@H]1[C@H](O)[C@@H](C(=O)O)C[C@H]1NC(=N)N,XRQDFNLINLXZLB-CKIKVBCHSA-N,328.413,-0.1394,148.53,6,4,7,Launched,neuraminidase inhibitor,influenza A virus infection,XRQDFNLINLXZLB-CKIKVBCHSA-N,0,
LIB100_0018,perfluorodecalin,perfluorodecalin,FC1(F)C(F)(F)C(F)(F)C2(F)C(F)(F)C(F)(F)C(F)(F)C(F)(F)C2(F)C1(F)F,FC1(F)C(F)(F)C(F)(F)C2(F)C(F)(F)C(F)(F)C(F)(F)C(F)(F)C2(F)C1(F)F,UWEYRJFJVCLAGH-UHFFFAOYSA-N,462.074,5.5126,0.0,0,0,0,Launched,,cosmetic,UWEYRJFJVCLAGH-UHFFFAOYSA-N,0,
LIB100_0019,pindolol,pindolol,"CC(C)NC[C@@H](O)COc1cccc2[nH]ccc12 |&1:5,r|",CC(C)NC[C@@H](O)COc1cccc2[nH]ccc12,JZQKKSLKJUAGIC-LLVKDONJSA-N,248.326,1.9056,57.28,3,3,6,Launched,adrenergic receptor antagonist,hypertension,JZQKKSLKJUAGIC-LLVKDONJSA-N,0,
LIB100_0020,pralatrexate,pralatrexate,"Nc1nc(N)c2nc(C[C@@H](CC#C)c3ccc(cc3)C(=O)N[C@@H](CCC(O)=O)C(O)=O)cnc2n1 |a:22,&1:9|",C#CC[C@H](Cc1cnc2nc(N)nc(N)c2n1)c1ccc(C(=O)N[C@@H](CCC(=O)O)C(=O)O)cc1,OGSBUKJUDHAQEA-ZBFHGGJFSA-N,477.481,0.9816,207.3,5,9,10,Launched,dihydrofolate reductase inhibitor,peripheral T-cell lymphoma (PTCL),OGSBUKJUDHAQEA-ZBFHGGJFSA-N,0,
LIB100_0021,propatylnitrate,propatylnitrate,CCC(CO[N+]([O-])=O)(CO[N+]([O-])=O)CO[N+]([O-])=O,CCC(CO[N+](=O)[O-])(CO[N+](=O)[O-])CO[N+](=O)[O-],YZZCJYJBCUJISI-UHFFFAOYSA-N,269.166,0.0077,157.11,0,9,10,Launched,,angina pectoris,YZZCJYJBCUJISI-UHFFFAOYSA-N,0,
LIB100_0022,romidepsin,romidepsin,C\C=C1/NC(=O)[C@H]2CSSCC\C=C\[C@H](CC(=O)N[C@H](C(C)C)C(=O)N2)OC(=O)[C@@H](NC1=O)C(C)C |t:12|,C/C=C1\NC(=O)[C@H]2CSSCC/C=C/[C@H](CC(=O)N[C@H](C(C)C)C(=O)N2)OC(=O)[C@H](C(C)C)NC1=O,OHRURASPPZQGQM-GCCNXGTGSA-N,540.708,1.4296,142.7,4,8,2,Launched,HDAC inhibitor,cutaneous T-cell lymphoma (CTCL),OHRURASPPZQGQM-GCCNXGTGSA-N,0,
LIB100_0023,saxagliptin,saxagliptin,N[C@H](C(=O)N1[C@H]2C[C@H]2C[C@H]1C#N)[C@]12C[C@H]3C[C@H](C[C@](O)(C3)C1)C2,N#C[C@@H]1C[C@@H]2C[C@@H]2N1C(=O)[C@@H](N)[C@@]12C[C@@H]3C[C@@H](C[C@@](O)(C3)C1)C2,QGJUIPDUBHWZPV-YQBUGCKMSA-N,315.417,1.158,90.35,2,4,2,Launched,dipeptidyl peptidase inhibitor,diabetes mellitus,QGJUIPDUBHWZPV-YQBUGCKMSA-N,0,
LIB100_0024,sulfachlorpyridazine,sulfachlorpyridazine,Nc1ccc(cc1)S(=O)(=O)Nc1ccc(Cl)nn1,Nc1ccc(S(=O)(=O)Nc2ccc(Cl)nn2)cc1,XOXHILFPRYWFOD-UHFFFAOYSA-N,284.728,1.513,97.97,2,5,3,Launched,bacterial antifolate,urinary tract infections,XOXHILFPRYWFOD-UHFFFAOYSA-N,0,
LIB100_0025,talipexole,talipexole,Nc1nc2CCN(CC=C)CCc2s1,C=CCN1CCc2nc(N)sc2CC1,DHSSDEDRBUKTQY-UHFFFAOYSA-N,209.318,1.3119,42.15,1,4,2,Launched,adrenergic receptor agonist|dopamine receptor agonist,genitial herpes,DHSSDEDRBUKTQY-UHFFFAOYSA-N,0,
LIB100_0026,temefos,temefos,COP(=S)(OC)Oc1ccc(Sc2ccc(OP(=S)(OC)OC)cc2)cc1,COP(=S)(OC)Oc1ccc(Sc2ccc(OP(=S)(OC)OC)cc2)cc1,WWJZWCUNLNYYAU-UHFFFAOYSA-N,466.479,5.63,55.38,0,9,10,Launched,cholinesterase inhibitor,,WWJZWCUNLNYYAU-UHFFFAOYSA-N,0,
LIB100_0027,terbinafine,terbinafine,CN(C\C=C\C#CC(C)(C)C)Cc1cccc2ccccc12,CN(C/C=C/C#CC(C)(C)C)Cc1cccc2ccccc12,DOMXUEMWDBAQBQ-WEVVVXLNSA-N,291.438,4.8773,3.24,0,1,4,Launched,fungal squalene epoxidase inhibitor,tinea pedis|tinea cruris|tinea corporis,DOMXUEMWDBAQBQ-WEVVVXLNSA-N,0,
LIB100_0028,thiopental,thiopental,"CCC[C@@H](C)C1(CC)C(=O)NC(=S)NC1=O |&1:3,&2:5|",CCC[C@@H](C)C1(CC)C(=O)NC(=S)NC1=O,IUJDSEJGGMCXSG-SSDOTTSWSA-N,242.344,1.3499,58.2,2,3,4,Launched,GABA receptor antagonist,anesthetic,IUJDSEJGGMCXSG-SSDOTTSWSA-N,0,
LIB100_0029,tiabendazole,tiabendazole,c1nc(cs1)-c1nc2ccccc2[nH]1,c1ccc2[nH]c(-c3cscn3)nc2c1,WJCNZQLZVWNLKY-UHFFFAOYSA-N,201.254,2.6864,41.57,1,3,1,Launched,angiogenesis inhibitor,gastrointestinal roundworms|hookworm,WJCNZQLZVWNLKY-UHFFFAOYSA-N,0,
LIB100_0030,topiramate,topiramate,CC1(C)O[C@@H]2CO[C@@]3(COS(N)(=O)=O)OC(C)(C)O[C@H]3[C@@H]2O1,CC1(C)O[C@@H]2[C@@H](CO[C@@]3(COS(N)(=O)=O)OC(C)(C)O[C@@H]23)O1,KJADKKWYZYXHBB-XBWDGYHZSA-N,339.366,-0.3954,115.54,1,8,3,Launched,carbonic anhydrase inhibitor|glutamate receptor antagonist|kainate receptor antagonist,epilepsy|migraine headache,KJADKKWYZYXHBB-XBWDGYHZSA-N,0,
LIB100_0031,BMS-986205,BMS-986205,[H][C@]1(CC[C@@H](CC1)c1ccnc2ccc(F)cc12)[C@@H](C)C(=O)Nc1ccc(Cl)cc1,C[C@@H](C(=O)Nc1ccc(Cl)cc1)[C@H]1CC[C@@H](c2ccnc3ccc(F)cc32)CC1,KRTIYQIPSAGSBP-ZACQAIPSSA-N,410.92,6.5759,41.99,1,2,4,Phase 3,"indoleamine 2,3-dioxygenase inhibitor",,KRTIYQIPSAGSBP-ZACQAIPSSA-N,2,clinical_hypothesis_override
LIB100_0032,MF-101,MF-101,Oc1ccc(cc1)[C@@H]1CC(=O)c2ccc(O)cc2O1,O=C1C[C@@H](c2ccc(O)cc2)Oc2cc(O)ccc21,FURUXTVZLHCCNA-AWEZNQCLSA-N,256.257,2.8043,66.76,2,4,1,Phase 3,estrogen receptor agonist,,FURUXTVZLHCCNA-AWEZNQCLSA-N,2,
LIB100_0033,SQ-109,SQ-109,CC(C)=CCC\C(C)=C\CNCCNC1[C@H]2C[C@@H]3C[C@@H](C[C@H]1C3)C2 |r|,CC(C)=CCC/C(C)=C/CNCCNC1[C@H]2C[C@@H]3C[C@@H](C[C@H]1C3)C2,JFIBVDBTCDTBRH-UNRAVDGJSA-N,330.56,4.683,24.06,2,2,9,Phase 3,bacterial cell wall synthesis inhibitor,,JFIBVDBTCDTBRH-UNRAVDGJSA-N,2,
LIB100_0034,baloxavir,baloxavir,[H][C@@]12COCCN1C(=O)c1c(O)c(=O)ccn1N2[C@@H]1c2ccccc2SCc2c(F)c(F)ccc12,O=C1c2c(O)c(=O)ccn2N([C@@H]2c3ccccc3SCc3c2ccc(F)c3F)[C@@H]2COCCN12,FIDLLEYNNRGVFR-CTNGQTDRSA-N,483.496,2.9775,75.01,1,7,1,Phase 3,endonuclease inhibitor,,FIDLLEYNNRGVFR-CTNGQTDRSA-N,2,
LIB100_0035,dimesna,dimesna,OS(=O)(=O)CCSSCCS(O)(=O)=O,O=S(=O)(O)CCSSCCS(=O)(=O)O,BYUKOOOZTSTOOH-UHFFFAOYSA-N,282.386,0.1434,108.74,2,6,7,Phase 3,tubulin polymerization inhibitor,,BYUKOOOZTSTOOH-UHFFFAOYSA-N,2,
LIB100_0036,diminazene-aceturate,diminazene-aceturate,NC(=N)c1ccc(N\N=N\c2ccc(cc2)C(N)=N)cc1,N=C(N)c1ccc(/N=N/Nc2ccc(C(=N)N)cc2)cc1,XNYZHCFCZNMTFY-UHFFFAOYSA-N,281.323,2.3655,136.49,5,4,5,Phase 3,angiotensin converting enzyme activator,,XNYZHCFCZNMTFY-UHFFFAOYSA-N,2,
LIB100_0037,eldecalcitol,eldecalcitol,[H][C@@]12CC[C@H]([C@H](C)CCCC(C)(C)O)[C@@]1(C)CCC\C2=C/C=C1/C[C@@H](O)[C@@H](OCCCO)[C@H](O)C1=C,C=C1/C(=C\C=C2/CCC[C@]3(C)[C@@H]([C@H](C)CCCC(C)(C)O)CC[C@@H]23)C[C@@H](O)[C@@H](OCCCO)[C@@H]1O,FZEXGDDBXLBRTD-AYIMTCTASA-N,490.725,5.0822,90.15,4,5,10,Phase 3,bone formation stimulant,,FZEXGDDBXLBRTD-AYIMTCTASA-N,2,
LIB100_0038,ganetespib,ganetespib,CC(C)c1cc(-c2n[nH]c(=O)n2-c2ccc3n(C)ccc3c2)c(O)cc1O,CC(C)c1cc(-c2n[nH]c(=O)n2-c2ccc3c(ccn3C)c2)c(O)cc1O,RVAQIUULWULRNW-UHFFFAOYSA-N,364.405,3.2539,96.07,3,6,3,Phase 3,HSP inhibitor,,RVAQIUULWULRNW-UHFFFAOYSA-N,2,
LIB100_0039,marimastat,marimastat,CNC(=O)[C@@H](NC(=O)[C@H](CC(C)C)[C@H](O)C(=O)NO)C(C)(C)C,CNC(=O)[C@@H](NC(=O)[C@H](CC(C)C)[C@H](O)C(=O)NO)C(C)(C)C,OCSMOTCMPXTDND-OUAUKWLOSA-N,331.413,-0.2081,127.76,5,5,7,Phase 3,matrix metalloprotease inhibitor,,OCSMOTCMPXTDND-OUAUKWLOSA-N,2,
LIB100_0040,oltipraz,oltipraz,Cc1c(ssc1=S)-c1cnccn1,Cc1c(-c2cnccn2)ssc1=S,CKNAQFVBEHDJQV-UHFFFAOYSA-N,226.351,3.3045,25.78,0,5,1,Phase 3,nuclear factor erythroid derived|like (NRF2) activator,,CKNAQFVBEHDJQV-UHFFFAOYSA-N,2,
LIB100_0041,relugolix,relugolix,CONC(=O)Nc1ccc(cc1)-c1sc2n(Cc3c(F)cccc3F)c(=O)n(-c3ccc(OC)nn3)c(=O)c2c1CN(C)C,CONC(=O)Nc1ccc(-c2sc3c(c2CN(C)C)c(=O)n(-c2ccc(OC)nn2)c(=O)n3Cc2c(F)cccc2F)cc1,AOMXMOCNKJTRQP-UHFFFAOYSA-N,623.642,3.7505,132.61,2,11,9,Phase 3,gonadotropin releasing factor hormone receptor antagonist,,AOMXMOCNKJTRQP-UHFFFAOYSA-N,2,
LIB100_0042,tucatinib,tucatinib,Cc1cc(Nc2ncnc3ccc(NC4=NC(C)(C)CO4)cc23)ccc1Oc1ccn2ncnc2c1 |t:14|,Cc1cc(Nc2ncnc3ccc(NC4=NC(C)(C)CO4)cc23)ccc1Oc1ccn2ncnc2c1,SDEAXTCZPQIFQM-UHFFFAOYSA-N,480.532,5.0935,110.85,2,10,5,Phase 3,EGFR inhibitor,,SDEAXTCZPQIFQM-UHFFFAOYSA-N,2,
LIB100_0043,ADX-10059,ADX-10059,Cc1cc(C)c(N)c(n1)C#Cc1cccc(F)c1,Cc1cc(C)c(N)c(C#Cc2cccc(F)c2)n1,MEDCLNYIYBERKO-UHFFFAOYSA-N,240.281,2.8195,38.91,1,2,0,Phase 2,glutamate receptor negative allosteric modulator,,MEDCLNYIYBERKO-UHFFFAOYSA-N,3,
LIB100_0044,FK-33-824,FK-33-824,"C[C@H](NC(=O)[C@@H](N)Cc1ccc(O)cc1)C(=O)NCC(=O)N(C)[C@@H](Cc1ccccc1)C(=O)N[C@H](CO)CC[S@@](C)=O |a:1,5,23,34,&1:39|",C[C@H](NC(=O)[C@@H](N)Cc1ccc(O)cc1)C(=O)NCC(=O)N(C)[C@@H](Cc1ccccc1)C(=O)N[C@H](CO)CC[S@@](C)=O,HYZHONGSQNXMPH-YJRDZJJMSA-N,603.742,-0.8017,191.16,6,8,16,Phase 2,opioid receptor agonist,,HYZHONGSQNXMPH-YJRDZJJMSA-N,3,
LIB100_0045,MBX-2982,MBX-2982,CCc1cnc(nc1)N1CCC(CC1)c1nc(COc2ccc(cc2)-n2cnnn2)cs1,CCc1cnc(N2CCC(c3nc(COc4ccc(-n5cnnn5)cc4)cs3)CC2)nc1,NFTMKHWBOINJGM-UHFFFAOYSA-N,448.556,3.4342,94.74,0,10,7,Phase 2,glucose dependent insulinotropic receptor agonist,,NFTMKHWBOINJGM-UHFFFAOYSA-N,3,
LIB100_0046,TMC647055,TMC647055,COc1ccc2-c3c(C4CCCCC4)c4ccc5cc4n3CC(=Cc2c1)C(=O)N(C)CCOCCN(C)S(=O)(=O)NC5=O |c:25|,COc1ccc2c(c1)C=C1Cn3c-2c(C2CCCCC2)c2ccc(cc23)C(=O)NS(=O)(=O)N(C)CCOCCN(C)C1=O,UOBYJVFBFSLCTQ-UHFFFAOYSA-N,606.745,4.1566,110.18,1,7,2,Phase 2,RNA polymerase inhibitor,,UOBYJVFBFSLCTQ-UHFFFAOYSA-N,3,
LIB100_0047,YM-511,YM-511,Brc1ccc(CN(c2ccc(cc2)C#N)n2cnnc2)cc1,N#Cc1ccc(N(Cc2ccc(Br)cc2)n2cnnc2)cc1,GGPPBTSXFROGAE-UHFFFAOYSA-N,354.211,3.3822,57.74,0,5,4,Phase 2,aromatase inhibitor,,GGPPBTSXFROGAE-UHFFFAOYSA-N,3,
LIB100_0048,delphinidin,delphinidin,Oc1cc(O)c2cc(O)c([o+]c2c1)-c1cc(O)c(O)c(O)c1,Oc1cc(O)c2cc(O)c(-c3cc(O)c(O)c(O)c3)[o+]c2c1,JKHRCGUTYDNCLE-UHFFFAOYSA-O,303.246,2.6145,132.68,6,6,1,Phase 2,membrane permeability inhibitor,,JKHRCGUTYDNCLE-UHFFFAOYSA-O,3,
LIB100_0049,docebenone,docebenone,"CC1=C(C)C(=O)C(CCCCC#CCCCC#CCO)=C(C)C1=O |c:1,t:19|",CC1=C(C)C(=O)C(CCCCC#CCCCC#CCO)=C(C)C1=O,WDEABJKSGGRCQA-UHFFFAOYSA-N,326.436,3.5209,54.37,1,3,6,Phase 2,lipoxygenase inhibitor,,WDEABJKSGGRCQA-UHFFFAOYSA-N,3,
LIB100_0050,lodenosine,lodenosine,Nc1ncnc2n(cnc12)[C@@H]1O[C@H](CO)C[C@@H]1F,Nc1ncnc2c1ncn2[C@@H]1O[C@H](CO)C[C@@H]1F,KBEMFSMODRNJHE-JFWOZONXSA-N,253.237,0.0264,99.08,2,7,2,Phase 2,antiretroviral ,,KBEMFSMODRNJHE-JFWOZONXSA-N,3,
LIB100_0051,nemazoline,nemazoline,Nc1c(Cl)cc(C=C2NCCN2)cc1Cl,Nc1c(Cl)cc(C=C2NCCN2)cc1Cl,OEOYJZUHFXEJEI-UHFFFAOYSA-N,244.125,2.0668,50.08,3,3,1,Phase 2,adrenergic receptor agonist|adrenergic receptor antagonist,,OEOYJZUHFXEJEI-UHFFFAOYSA-N,3,
LIB100_0052,oleuropein,oleuropein,"COC(=O)C1=CO[C@@H](O[C@H]2O[C@@H](CO)[C@@H](O)[C@@H](O)[C@@H]2O)\C(=C/C)[C@@H]1CC(=O)OCCc1ccc(O)c(O)c1 |&1:7,&2:9,&3:11,&4:14,&5:16,&6:18,&7:23,r,t:4|",C/C=C1\[C@H](O[C@H]2O[C@@H](CO)[C@@H](O)[C@@H](O)[C@@H]2O)OC=C(C(=O)OC)[C@H]1CC(=O)OCCc1ccc(O)c(O)c1,RFWGABANNQMHMZ-JIBQERFGSA-N,540.518,-0.6342,201.67,6,13,9,Phase 2,estrogen receptor agonist,,RFWGABANNQMHMZ-JIBQERFGSA-N,3,
LIB100_0053,perzinfotel,perzinfotel,OP(O)(=O)CCN1CCCNc2c1c(=O)c2=O,O=c1c2c(c1=O)N(CCP(=O)(O)O)CCCN2,BDABGOLMYNHHTR-UHFFFAOYSA-N,260.186,-0.9177,106.94,3,5,3,Phase 2,glutamate receptor antagonist,,BDABGOLMYNHHTR-UHFFFAOYSA-N,3,
LIB100_0054,siramesine,siramesine,Fc1ccc(cc1)-n1cc(CCCCN2CCC3(CC2)OCc2ccccc32)c2ccccc12,Fc1ccc(-n2cc(CCCCN3CCC4(CC3)OCc3ccccc34)c3ccccc32)cc1,XWAONOGAGZNUSF-UHFFFAOYSA-N,454.589,6.6138,17.4,0,3,6,Phase 2,sigma receptor antagonist,,XWAONOGAGZNUSF-UHFFFAOYSA-N,3,
LIB100_0055,CH-170,CH-170,Cc1nc(Cn2cnc3n(C)c(=O)n(C)c(=O)c23)no1,Cc1nc(Cn2cnc3c2c(=O)n(C)c(=O)n3C)no1,JBXSBZBZASARMY-UHFFFAOYSA-N,276.256,-0.8266,100.74,0,9,2,Phase 1,,,JBXSBZBZASARMY-UHFFFAOYSA-N,4,
LIB100_0056,CNQX,CNQX,[O-][N+](=O)c1cc2[nH]c(=O)c(=O)[nH]c2cc1C#N,N#Cc1cc2[nH]c(=O)c(=O)[nH]c2cc1[N+](=O)[O-],RPXVIAFEQBNEAX-UHFFFAOYSA-N,232.155,-0.0037,132.65,2,5,1,Phase 1,glutamate receptor antagonist,,RPXVIAFEQBNEAX-UHFFFAOYSA-N,4,
LIB100_0057,MKT-077,MKT-077,CCn1\c(=C/c2cccc[n+]2CC)s\c(=C2\Sc3ccccc3N2C)c1=O,CCn1c(=O)/c(=C2\Sc3ccccc3N2C)s/c1=C/c1cccc[n+]1CC,QLYHOWIZHHZGPV-XUTLUUPISA-N,396.561,2.3737,29.12,0,5,3,Phase 1,HSP inhibitor,,QLYHOWIZHHZGPV-XUTLUUPISA-N,4,
LIB100_0058,PF-05180999,PF-05180999,Cc1nc(-c2cnn(C)c2-c2ccc(cn2)C(F)(F)F)c2c(ncnn12)N1CCC1,Cc1nc(-c2cnn(C)c2-c2ccc(C(F)(F)F)cn2)c2c(N3CCC3)ncnn12,CLGCHUKGBICQTE-UHFFFAOYSA-N,414.395,3.1241,77.03,0,8,3,Phase 1,phosphodiesterase inhibitor,,CLGCHUKGBICQTE-UHFFFAOYSA-N,4,
LIB100_0059,ammonium-perfluorocaprylate,ammonium-perfluorocaprylate,OC(=O)C(F)(F)C(F)(F)C(F)(F)C(F)(F)C(F)(F)C(F)(F)C(F)(F)F,O=C(O)C(F)(F)C(F)(F)C(F)(F)C(F)(F)C(F)(F)C(F)(F)C(F)(F)F,SNGREZUHAYWORS-UHFFFAOYSA-N,414.064,4.4451,37.3,1,1,6,Phase 1,Pim kinase inhibitor,,SNGREZUHAYWORS-UHFFFAOYSA-N,4,
LIB100_0060,sanguinarium-chloride,sanguinarium-chloride,C[n+]1cc2c3OCOc3ccc2c2ccc3cc4OCOc4cc3c12,C[n+]1cc2c3c(ccc2c2ccc4cc5c(cc4c21)OCO5)OCO3,INVGWHRKADIJHF-UHFFFAOYSA-N,332.335,3.4281,40.8,0,4,0,Phase 1,apoptosis stimulant,,INVGWHRKADIJHF-UHFFFAOYSA-N,4,
LIB100_0061,tifenazoxide,tifenazoxide,CC1(CC1)NC1=NS(=O)(=O)c2sc(Cl)cc2N1 |t:6|,CC1(NC2=NS(=O)(=O)c3sc(Cl)cc3N2)CC1,KYSFUHHFTIGRJN-UHFFFAOYSA-N,291.785,2.0138,70.56,2,5,1,Phase 1,ATP-sensitive potassium channel agonist,,KYSFUHHFTIGRJN-UHFFFAOYSA-N,4,
LIB100_0062,"1,2,3,4,5,6-hexabromocyclohexane","1,2,3,4,5,6-hexabromocyclohexane",BrC1C(Br)C(Br)C(Br)C(Br)C1Br,BrC1C(Br)C(Br)C(Br)C(Br)C1Br,QFQZKISCBJKVHI-UHFFFAOYSA-N,557.538,4.581,0.0,0,0,0,Preclinical,JAK inhibitor,,QFQZKISCBJKVHI-UHFFFAOYSA-N,5,
LIB100_0063,"1-((Z)-3-chloroallyl)-1,3,5,7-tetraazaadamantan-1-ium","1-((Z)-3-chloroallyl)-1,3,5,7-tetraazaadamantan-1-ium",Cl\C=C/C[N+]12CN3CN(CN(C3)C1)C2,Cl/C=C\C[N+]12CN3CN(CN(C3)C1)C2,LDLCEGCJYSDJLX-UPHRSURJSA-N,215.708,0.2475,9.72,0,3,2,Preclinical,,,LDLCEGCJYSDJLX-UPHRSURJSA-N,5,
LIB100_0064,"2-(chloromethyl)-5,6,7,8-tetrahydro[1]benzothieno[2,3-d]pyrimidin-4(3H)-one","2-(chloromethyl)-5,6,7,8-tetrahydro[1]benzothieno[2,3-d]pyrimidin-4(3H)-one",ClC=C1Nc2sc3CCCCc3c2C(=O)N1,O=C1NC(=CCl)Nc2sc3c(c21)CCCC3,UTWSZXBGTLNPOV-UHFFFAOYSA-N,254.742,2.8199,41.13,2,3,0,Preclinical,,,UTWSZXBGTLNPOV-UHFFFAOYSA-N,5,
LIB100_0065,"4,4'-DDT","4,4'-DDT",Clc1ccc(cc1)C(c1ccc(Cl)cc1)C(Cl)(Cl)Cl,Clc1ccc(C(c2ccc(Cl)cc2)C(Cl)(Cl)Cl)cc1,YVGGHNCTFXOJCH-UHFFFAOYSA-N,354.491,6.4955,0.0,0,0,2,Preclinical,,,YVGGHNCTFXOJCH-UHFFFAOYSA-N,5,
LIB100_0066,"4,5,6,7-tetrabromobenzotriazole","4,5,6,7-tetrabromobenzotriazole",Brc1c(Br)c(Br)c2n[nH]nc2c1Br,Brc1c(Br)c(Br)c2n[nH]nc2c1Br,OMZYUVOATZSGJY-UHFFFAOYSA-N,434.711,4.0079,41.57,1,2,0,Preclinical,casein kinase inhibitor,,OMZYUVOATZSGJY-UHFFFAOYSA-N,5,
LIB100_0067,4E1RCat,4E1RCat,OC(=O)c1ccc(cc1)N1C(=O)\C(=C\c2ccc(o2)-c2ccc(cc2)[N+]([O-])=O)C=C1c1ccccc1 |c:31|,O=C(O)c1ccc(N2C(=O)/C(=C/c3ccc(-c4ccc([N+](=O)[O-])cc4)o3)C=C2c2ccccc2)cc1,BBQRBOIMSKMFFO-LTGZKZEYSA-N,478.46,6.0243,113.89,1,5,6,Preclinical,protein synthesis inhibitor,,BBQRBOIMSKMFFO-LTGZKZEYSA-N,5,
LIB100_0068,AG-1024,AG-1024,CC(C)(C)c1cc(C=C(C#N)C#N)cc(Br)c1O,CC(C)(C)c1cc(C=C(C#N)C#N)cc(Br)c1O,ABBADGFSRBWENF-UHFFFAOYSA-N,305.175,3.8828,67.81,1,3,1,Preclinical,insulin growth factor receptor inhibitor,,ABBADGFSRBWENF-UHFFFAOYSA-N,5,
LIB100_0069,BW-348U87,BW-348U87,C\C(=N/NC(=S)NNC(=S)Nc1ccccc1Cl)c1ccccn1,C/C(=N\NC(=S)NNC(=S)Nc1ccccc1Cl)c1ccccn1,YYLKOELWSMRYHV-VXLYETTFSA-N,378.914,2.8247,73.37,4,4,3,Preclinical,antiviral,,YYLKOELWSMRYHV-VXLYETTFSA-N,5,
LIB100_0070,D609,D609,SC(=S)OC1CC2CC1C1CCCC21,S=C(S)OC1CC2CC1C1CCCC21,PWLXJBSAUKKGCM-UHFFFAOYSA-N,228.382,3.0424,9.23,1,2,1,Preclinical,phospholipase inhibitor,,PWLXJBSAUKKGCM-UHFFFAOYSA-N,5,
LIB100_0071,GDC-0879,GDC-0879,OCCn1cc(c(n1)-c1ccncc1)-c1ccc2\C(CCc2c1)=N\O,OCCn1cc(-c2ccc3c(c2)CC/C3=N\O)c(-c2ccncc2)n1,DEZZLWQELQORIU-RELWKKBWSA-N,334.379,2.7289,83.53,2,6,4,Preclinical,RAF inhibitor,,DEZZLWQELQORIU-RELWKKBWSA-N,5,
LIB100_0072,GNTI,GNTI,NC(=N)Nc1ccc2[nH]c3[C@@H]4Oc5c6c(C[C@H]7N(CC8CC8)CC[C@@]46[C@@]7(O)Cc3c2c1)ccc5O,N=C(N)Nc1ccc2[nH]c3c(c2c1)C[C@@]1(O)[C@H]2Cc4ccc(O)c5c4[C@@]1(CCN2CC1CC1)[C@H]3O5,VLNHDKDBGWXJEE-GYHUNEDQSA-N,471.561,2.878,130.62,6,5,3,Preclinical,opioid receptor antagonist,,VLNHDKDBGWXJEE-GYHUNEDQSA-N,5,
LIB100_0073,GS-39783,GS-39783,CSc1nc(NC2CCCC2)c(c(NC2CCCC2)n1)[N+]([O-])=O,CSc1nc(NC2CCCC2)c([N+](=O)[O-])c(NC2CCCC2)n1,GSGVDKOCBKBMGG-UHFFFAOYSA-N,337.449,3.8157,92.98,2,7,6,Preclinical,GABA receptor modulator,,GSGVDKOCBKBMGG-UHFFFAOYSA-N,5,
LIB100_0074,HJC-0350,HJC-0350,Cc1cc(C)n(c1)S(=O)(=O)c1c(C)cc(C)cc1C,Cc1cc(C)c(S(=O)(=O)n2cc(C)cc2C)c(C)c1,AFZWZVLPIMHLSE-UHFFFAOYSA-N,277.389,3.2672,39.07,0,3,2,Preclinical,GTPase inhibitor,,AFZWZVLPIMHLSE-UHFFFAOYSA-N,5,
LIB100_0075,IKK-2-inhibitor,IKK-2-inhibitor,NC(=O)c1sc(cc1N)-c1ccsc1,NC(=O)c1sc(-c2ccsc2)cc1N,BMUACLADCKCNKZ-UHFFFAOYSA-N,224.31,2.1577,69.11,2,4,2,Preclinical,IKK inhibitor|SYK inhibitor,,BMUACLADCKCNKZ-UHFFFAOYSA-N,5,
LIB100_0076,JNJ-42041935,JNJ-42041935,OC(=O)c1cnn(c1)-c1nc2cc(Cl)c(OC(F)(F)F)cc2[nH]1,O=C(O)c1cnn(-c2nc3cc(Cl)c(OC(F)(F)F)cc3[nH]2)c1,FXHHASJVTYRJHH-UHFFFAOYSA-N,346.652,2.9988,93.03,2,5,3,Preclinical,hypoxia inducible factor prolyl hydroxylase inhibitor,,FXHHASJVTYRJHH-UHFFFAOYSA-N,5,
LIB100_0077,LY255283,LY255283,CCc1cc(C(C)=O)c(O)cc1OCCCCCC(C)(C)c1nn[nH]n1,CCc1cc(C(C)=O)c(O)cc1OCCCCCC(C)(C)c1nn[nH]n1,WCGXJPFHTHQNJL-UHFFFAOYSA-N,360.458,3.5873,100.99,2,6,10,Preclinical,leukotriene receptor antagonist,,WCGXJPFHTHQNJL-UHFFFAOYSA-N,5,
LIB100_0078,MCC950,MCC950,CC(C)(O)c1coc(c1)S(=O)(=O)NC(=O)Nc1c2CCCc2cc2CCCc12,CC(C)(O)c1coc(S(=O)(=O)NC(=O)Nc2c3c(cc4c2CCC4)CCC3)c1,HUUSXLKCTQDPGL-UHFFFAOYSA-N,404.488,2.9948,108.64,3,5,4,Preclinical,NOD like receptor inhibitor,,HUUSXLKCTQDPGL-UHFFFAOYSA-N,5,
LIB100_0079,NBI-27914,NBI-27914,CCCN(CC1CC1)c1nc(C)nc(Nc2c(Cl)cc(Cl)cc2Cl)c1Cl,CCCN(CC1CC1)c1nc(C)nc(Nc2c(Cl)cc(Cl)cc2Cl)c1Cl,KNADXBVKFAUMCR-UHFFFAOYSA-N,434.198,6.7686,41.05,1,4,7,Preclinical,corticotropin releasing factor receptor antagonist,,KNADXBVKFAUMCR-UHFFFAOYSA-N,5,
LIB100_0080,NS-3861,NS-3861,"CN1[C@@H]2CC[C@H]1C=C(C2)c1sccc1Br |&1:2,5,c:7|",CN1[C@@H]2CC[C@H]1C=C(c1sccc1Br)C2,ZJCNRVHZJADROC-VHSXEESVSA-N,284.222,3.7605,3.24,0,2,1,Preclinical,acetylcholine receptor agonist,,ZJCNRVHZJADROC-VHSXEESVSA-N,5,
LIB100_0081,NSP-805,NSP-805,"CC1=C(CCC1=O)Nc1ccc(cc1)C1=C(C)CC(=O)NN1 |c:16,t:1|",CC1=C(c2ccc(NC3=C(C)C(=O)CC3)cc2)NNC(=O)C1,VSEWBFSTIMFCDL-UHFFFAOYSA-N,297.358,2.4909,70.23,3,4,3,Preclinical,phosphodiesterase inhibitor,,VSEWBFSTIMFCDL-UHFFFAOYSA-N,5,
LIB100_0082,Ro-3306,Ro-3306,O=C1N=C(NCc2cccs2)S\C1=C/c1ccc2ncccc2c1 |t:2|,O=C1N=C(NCc2cccs2)S/C1=C\c1ccc2ncccc2c1,XOLMRFUGOINFDQ-YBEGLDIGSA-N,351.456,4.0564,54.35,1,5,3,Preclinical,CDK inhibitor,,XOLMRFUGOINFDQ-YBEGLDIGSA-N,5,
LIB100_0083,TCS-2002,TCS-2002,"Cc1nnc(o1)-c1ccc2occ(-c3ccc(cc3)[S@](C)=O)c2c1 |&1:19,r|",Cc1nnc(-c2ccc3occ(-c4ccc([S@](C)=O)cc4)c3c2)o1,RCKYSTKYIVULEK-DEOSSOPVSA-N,338.388,4.1956,69.13,0,5,3,Preclinical,glycogen synthase kinase inhibitor,,RCKYSTKYIVULEK-DEOSSOPVSA-N,5,
LIB100_0084,U-0124,U-0124,CSC(=N)C(C#N)C(C#N)C(=N)SC,CSC(=N)C(C#N)C(C#N)C(=N)SC,GXGXSVFKGDVBMD-UHFFFAOYSA-N,226.33,1.9465,95.28,2,6,3,Preclinical,MEK inhibitor,,GXGXSVFKGDVBMD-UHFFFAOYSA-N,5,
LIB100_0085,aloperine,aloperine,C1CCN2C[C@H]3C[C@H](C=C4CCCN[C@@H]34)[C@H]2C1 |t:8|,C1=C2CCCN[C@H]2[C@@H]2C[C@H]1[C@H]1CCCCN1C2,SKOLRLSBMUGVOY-GBJTYRQASA-N,232.371,2.169,15.27,1,2,0,Preclinical,,,SKOLRLSBMUGVOY-GBJTYRQASA-N,5,
LIB100_0086,alpha-asarone,alpha-asarone,COc1cc(OC)c(\C=C\C)cc1OC,C/C=C/c1cc(OC)c(OC)cc1OC,RKFAZBXYICVSKP-AATRIKPKSA-N,208.257,2.7455,27.69,0,3,4,Preclinical,cytochrome P450 inhibitor|HMGCR inhibitor,,RKFAZBXYICVSKP-AATRIKPKSA-N,5,
LIB100_0087,ansamitocin-p-3,ansamitocin-p-3,"[H][C@@]12O[C@@]1(C)[C@H](CC(=O)N(C)c1cc(C\C(C)=C\C=C\[C@@H](OC)[C@@]3(O)C[C@]([H])(OC(=O)N3)[C@H]2C)cc(OC)c1Cl)OC(=O)C(C)C |t:17,19|",COc1cc2cc(c1Cl)N(C)C(=O)C[C@H](OC(=O)C(C)C)[C@]1(C)O[C@H]1[C@H](C)[C@@H]1C[C@@](O)(NC(=O)O1)[C@H](OC)/C=C/C=C(\C)C2,OPQNCARIZFLNLF-JBHFWYGFSA-N,635.154,4.3236,136.16,2,9,4,Preclinical,apoptosis stimulant,,OPQNCARIZFLNLF-JBHFWYGFSA-N,5,
LIB100_0088,bilobalide,bilobalide,CC(C)(C)[C@]1(O)C[C@@H]2OC(=O)C[C@@]22C(=O)O[C@@H]3OC(=O)[C@H](O)[C@]123,CC(C)(C)[C@]1(O)C[C@@H]2OC(=O)C[C@@]23C(=O)O[C@@H]2OC(=O)[C@H](O)[C@]213,MOLPUWBMSBJXER-YDGSQGCISA-N,326.301,-0.7438,119.36,2,8,0,Preclinical,GABA receptor modulator,,MOLPUWBMSBJXER-YDGSQGCISA-N,5,
LIB100_0089,chloralose,chloralose,OC[C@@H](O)[C@H]1O[C@@H]2O[C@@H](O[C@@H]2[C@H]1O)C(Cl)(Cl)Cl,OC[C@@H](O)[C@H]1O[C@@H]2O[C@H](C(Cl)(Cl)Cl)O[C@@H]2[C@H]1O,OJYGBLRPYBAHRT-IPQSZEQASA-N,309.529,-0.4629,88.38,3,6,2,Preclinical,,,OJYGBLRPYBAHRT-IPQSZEQASA-N,5,
LIB100_0090,g-caryophyllene,g-caryophyllene,C\C1=C/CCC(=C)[C@H]2CC(C)(C)[C@@H]2CC1 |c:1|,C=C1CC/C=C(\C)CC[C@@H]2[C@@H]1CC2(C)C,NPNUFJAVOOONJE-GFUGXAQUSA-N,204.357,4.7252,0.0,0,0,0,Preclinical,acetylcholinesterase inhibitor,,NPNUFJAVOOONJE-GFUGXAQUSA-N,5,
LIB100_0091,indirubin-3-monoxime,indirubin-3-monoxime,O\N=C1\C(\Nc2ccccc\12)=C1\C(=O)Nc2ccccc12,O=C1Nc2ccccc2/C1=C1/Nc2ccccc2/C1=N\O,HBDSHCUSXQATPO-BGBJRWHRSA-N,277.283,2.6538,73.72,3,4,0,Preclinical,CDK inhibitor|glycogen synthase kinase inhibitor,,HBDSHCUSXQATPO-BGBJRWHRSA-N,5,
LIB100_0092,iodophenpropit,iodophenpropit,Ic1ccc(CCNC(=N)SCCCc2cnc[nH]2)cc1,N=C(NCCc1ccc(I)cc1)SCCCc1cnc[nH]1,UBHYDQAARZKHEZ-UHFFFAOYSA-N,414.316,3.4472,64.56,3,3,7,Preclinical,histamine receptor antagonist,,UBHYDQAARZKHEZ-UHFFFAOYSA-N,5,
LIB100_0093,lipoamide,lipoamide,"NC(=O)CCCC[C@H]1CCSS1 |&1:7,r|",NC(=O)CCCC[C@H]1CCSS1,FCCDDURTIIUXBY-ZETCQYMHSA-N,205.348,2.1858,43.09,1,3,5,Preclinical,,,FCCDDURTIIUXBY-ZETCQYMHSA-N,5,
LIB100_0094,metaphit,metaphit,S=C=Nc1cccc(c1)C1(CCCCC1)N1CCCCC1,S=C=Nc1cccc(C2(N3CCCCC3)CCCCC2)c1,FGSGBQAQSPSRJK-UHFFFAOYSA-N,300.471,5.0662,15.6,0,3,3,Preclinical,phencyclidine receptor acylator,,FGSGBQAQSPSRJK-UHFFFAOYSA-N,5,
LIB100_0095,soraprazan,soraprazan,COCCO[C@H]1[C@H](O)[C@H](Nc2c1ccn1c(C)c(C)nc21)c1ccccc1,COCCO[C@@H]1c2ccn3c(C)c(C)nc3c2N[C@H](c2ccccc2)[C@H]1O,PWILYDZRJORZDR-MISYRCLQSA-N,367.449,3.1829,68.02,2,6,5,Preclinical,proton pump inhibitor,,PWILYDZRJORZDR-MISYRCLQSA-N,5,
LIB100_0096,spermine,spermine,NCCCNCCCCNCCCN,NCCCNCCCCNCCCN,PFNFFQXMRSDOHW-UHFFFAOYSA-N,202.346,-0.3566,76.1,4,4,11,Preclinical,,,PFNFFQXMRSDOHW-UHFFFAOYSA-N,5,
LIB100_0097,symclosene,symclosene,Cln1c(=O)n(Cl)c(=O)n(Cl)c1=O,O=c1n(Cl)c(=O)n(Cl)c(=O)n1Cl,YRIZYWQGELRKNT-UHFFFAOYSA-N,232.41,-0.8226,66.0,0,6,0,Preclinical,,,YRIZYWQGELRKNT-UHFFFAOYSA-N,5,
LIB100_0098,transcrocetinate,transcrocetinate,C\C(\C=C\C=C(/C)C(O)=O)=C/C=C/C=C(\C)/C=C/C=C(\C)C(O)=O,CC(/C=C/C=C(\C)C(=O)O)=C\C=C\C=C(C)\C=C\C=C(/C)C(=O)O,PANKHBYNKQNAHN-MQQNZMFNSA-N,328.408,4.6094,74.6,2,2,8,Preclinical,glutamate receptor antagonist,,PANKHBYNKQNAHN-MQQNZMFNSA-N,5,
LIB100_0099,usniacin-(+),usniacin-(+),"CC(O)=C1C(=O)C=C2Oc3c(c(O)c(C)c(O)c3C(C)=O)[C@]2(C)C1=O |a:21,&1:3,t:6|",CC(=O)c1c(O)c(C)c(O)c2c1OC1=CC(=O)C(=C(C)O)C(=O)[C@]12C,ZQHDVMCIDXEICF-GOSISDBHSA-N,344.319,2.1266,121.13,3,7,1,Preclinical,MAP kinase activator,,ZQHDVMCIDXEICF-GOSISDBHSA-N,5,
LIB100_0100,PLX8394,PLX8394,F[C@@H]1CCN(C1)S(=O)(=O)Nc1ccc(F)c(C(=O)c2c[nH]c3ncc(cc23)-c2cnc(nc2)C2CC2)c1F,O=C(c1c(F)ccc(NS(=O)(=O)N2CC[C@@H](F)C2)c1F)c1c[nH]c2ncc(-c3cnc(C4CC4)nc3)cc12,YYACLQUDUDXAPA-MRXNPFEDSA-N,542.543,4.107,120.94,2,6,7,Phase 1/Phase 2,serine/threonine kinase inhibitor,,YYACLQUDUDXAPA-MRXNPFEDSA-N,6,
